perl: warning: Setting locale failed.
perl: warning: Please check that your locale settings:
	LANGUAGE = "en_US",
	LC_ALL = (unset),
	LANG = "en_US.UTF-8"
    are supported and installed on your system.
perl: warning: Falling back to the standard locale ("C").
perl: warning: Setting locale failed.
perl: warning: Setting locale failed.
perl: warning: Please check that your locale settings:
perl: warning: Please check that your locale settings:
	LANGUAGE = "en_US",
	LANGUAGE = "en_US",
	LC_ALL = (unset),
	LC_ALL = (unset),
	LANG = "en_US.UTF-8"
	LANG = "en_US.UTF-8"
    are supported and installed on your system.
    are supported and installed on your system.
perl: warning: Falling back to the standard locale ("C").
perl: warning: Falling back to the standard locale ("C").
perl: warning: Setting locale failed.
perl: warning: Setting locale failed.
perl: warning: Please check that your locale settings:
perl: warning: Please check that your locale settings:
	LANGUAGE = "en_US",
	LANGUAGE = "en_US",
	LC_ALL = (unset),
	LC_ALL = (unset),
	LANG = "en_US.UTF-8"
	LANG = "en_US.UTF-8"
    are supported and installed on your system.
    are supported and installed on your system.
perl: warning: Falling back to the standard locale ("C").
perl: warning: Falling back to the standard locale ("C").
./rebuild_oh_connectome.sh "experiments_exclude_updated.json" "../preprocessed/allen_template_inputs/oh_connectome_rgn_numbers_ccfv3.txt"	perl: warning: Setting locale failed.
./rebuild_oh_connectome.sh "experiments_exclude_updated.json" "../preprocessed/allen_template_inputs/oh_connectome_rgn_numbers_ccfv3.txt"	perl: warning: Please check that your locale settings:
./rebuild_oh_connectome.sh "experiments_exclude_updated.json" "../preprocessed/allen_template_inputs/oh_connectome_rgn_numbers_ccfv3.txt"		LANGUAGE = "en_US",
./rebuild_oh_connectome.sh "experiments_exclude_updated.json" "../preprocessed/allen_template_inputs/oh_connectome_rgn_numbers_ccfv3.txt"		LC_ALL = (unset),
./rebuild_oh_connectome.sh "experiments_exclude_updated.json" "../preprocessed/allen_template_inputs/oh_connectome_rgn_numbers_ccfv3.txt"		LANG = "en_US.UTF-8"
./rebuild_oh_connectome.sh "experiments_exclude_updated.json" "../preprocessed/allen_template_inputs/oh_connectome_rgn_numbers_ccfv3.txt"	    are supported and installed on your system.
./rebuild_oh_connectome.sh "experiments_exclude_updated.json" "../preprocessed/allen_template_inputs/oh_connectome_rgn_numbers_ccfv3.txt"	perl: warning: Falling back to the standard locale ("C").
./rebuild_oh_connectome.sh "experiments_exclude_updated.json" "../preprocessed/allen_template_inputs/oh_connectome_rgn_numbers_ccfv3.txt"	DEBUG:root:getting data
./rebuild_oh_connectome.sh "experiments_exclude_updated.json" "../preprocessed/allen_template_inputs/oh_connectome_rgn_numbers_ccfv3.txt"	2026-01-23 20:27:50,785 allensdk.api.api.retrieve_file_over_http INFO     Downloading URL: http://api.brain-map.org/grid_data/download_file/158841171?image=projection_density&resolution=100
./rebuild_oh_connectome.sh "experiments_exclude_updated.json" "../preprocessed/allen_template_inputs/oh_connectome_rgn_numbers_ccfv3.txt"	INFO:allensdk.api.api.retrieve_file_over_http:Downloading URL: http://api.brain-map.org/grid_data/download_file/158841171?image=projection_density&resolution=100
./rebuild_oh_connectome.sh "experiments_exclude_updated.json" "../preprocessed/allen_template_inputs/oh_connectome_rgn_numbers_ccfv3.txt"	DEBUG:urllib3.connectionpool:Starting new HTTP connection (1): api.brain-map.org:80
./rebuild_oh_connectome.sh "experiments_exclude_updated.json" "../preprocessed/allen_template_inputs/oh_connectome_rgn_numbers_ccfv3.txt"	DEBUG:urllib3.connectionpool:http://api.brain-map.org:80 "GET /grid_data/download_file/158841171?image=projection_density&resolution=100 HTTP/1.1" 200 827571
./rebuild_oh_connectome.sh "experiments_exclude_updated.json" "../preprocessed/allen_template_inputs/oh_connectome_rgn_numbers_ccfv3.txt"	2026-01-23 20:28:10,211 allensdk.api.api.retrieve_file_over_http INFO     Downloading URL: http://api.brain-map.org/grid_data/download_file/638314843?image=data_mask&resolution=100
./rebuild_oh_connectome.sh "experiments_exclude_updated.json" "../preprocessed/allen_template_inputs/oh_connectome_rgn_numbers_ccfv3.txt"	INFO:allensdk.api.api.retrieve_file_over_http:Downloading URL: http://api.brain-map.org/grid_data/download_file/638314843?image=data_mask&resolution=100
./rebuild_oh_connectome.sh "experiments_exclude_updated.json" "../preprocessed/allen_template_inputs/oh_connectome_rgn_numbers_ccfv3.txt"	DEBUG:urllib3.connectionpool:Starting new HTTP connection (1): api.brain-map.org:80
./rebuild_oh_connectome.sh "experiments_exclude_updated.json" "../preprocessed/allen_template_inputs/oh_connectome_rgn_numbers_ccfv3.txt"	DEBUG:urllib3.connectionpool:http://api.brain-map.org:80 "GET /grid_data/download_file/638314843?image=data_mask&resolution=100 HTTP/1.1" 200 73662
./rebuild_oh_connectome.sh "experiments_exclude_updated.json" "../preprocessed/allen_template_inputs/oh_connectome_rgn_numbers_ccfv3.txt"	2026-01-23 20:28:11,354 allensdk.api.api.retrieve_file_over_http INFO     Downloading URL: http://api.brain-map.org/grid_data/download_file/638314843?image=injection_density&resolution=100
./rebuild_oh_connectome.sh "experiments_exclude_updated.json" "../preprocessed/allen_template_inputs/oh_connectome_rgn_numbers_ccfv3.txt"	INFO:allensdk.api.api.retrieve_file_over_http:Downloading URL: http://api.brain-map.org/grid_data/download_file/638314843?image=injection_density&resolution=100
./rebuild_oh_connectome.sh "experiments_exclude_updated.json" "../preprocessed/allen_template_inputs/oh_connectome_rgn_numbers_ccfv3.txt"	DEBUG:urllib3.connectionpool:Starting new HTTP connection (1): api.brain-map.org:80
./rebuild_oh_connectome.sh "experiments_exclude_updated.json" "../preprocessed/allen_template_inputs/oh_connectome_rgn_numbers_ccfv3.txt"	DEBUG:urllib3.connectionpool:http://api.brain-map.org:80 "GET /grid_data/download_file/638314843?image=injection_density&resolution=100 HTTP/1.1" 200 12139
./rebuild_oh_connectome.sh "experiments_exclude_updated.json" "../preprocessed/allen_template_inputs/oh_connectome_rgn_numbers_ccfv3.txt"	2026-01-23 20:28:12,400 allensdk.api.api.retrieve_file_over_http INFO     Downloading URL: http://api.brain-map.org/grid_data/download_file/638314843?image=injection_fraction&resolution=100
./rebuild_oh_connectome.sh "experiments_exclude_updated.json" "../preprocessed/allen_template_inputs/oh_connectome_rgn_numbers_ccfv3.txt"	INFO:allensdk.api.api.retrieve_file_over_http:Downloading URL: http://api.brain-map.org/grid_data/download_file/638314843?image=injection_fraction&resolution=100
./rebuild_oh_connectome.sh "experiments_exclude_updated.json" "../preprocessed/allen_template_inputs/oh_connectome_rgn_numbers_ccfv3.txt"	DEBUG:urllib3.connectionpool:Starting new HTTP connection (1): api.brain-map.org:80
./rebuild_oh_connectome.sh "experiments_exclude_updated.json" "../preprocessed/allen_template_inputs/oh_connectome_rgn_numbers_ccfv3.txt"	DEBUG:urllib3.connectionpool:http://api.brain-map.org:80 "GET /grid_data/download_file/638314843?image=injection_fraction&resolution=100 HTTP/1.1" 200 11809
./rebuild_oh_connectome.sh "experiments_exclude_updated.json" "../preprocessed/allen_template_inputs/oh_connectome_rgn_numbers_ccfv3.txt"	2026-01-23 20:28:12,819 allensdk.api.api.retrieve_file_over_http INFO     Downloading URL: http://api.brain-map.org/grid_data/download_file/638314843?image=projection_density&resolution=100
./rebuild_oh_connectome.sh "experiments_exclude_updated.json" "../preprocessed/allen_template_inputs/oh_connectome_rgn_numbers_ccfv3.txt"	INFO:allensdk.api.api.retrieve_file_over_http:Downloading URL: http://api.brain-map.org/grid_data/download_file/638314843?image=projection_density&resolution=100
./rebuild_oh_connectome.sh "experiments_exclude_updated.json" "../preprocessed/allen_template_inputs/oh_connectome_rgn_numbers_ccfv3.txt"	DEBUG:urllib3.connectionpool:Starting new HTTP connection (1): api.brain-map.org:80
./rebuild_oh_connectome.sh "experiments_exclude_updated.json" "../preprocessed/allen_template_inputs/oh_connectome_rgn_numbers_ccfv3.txt"	DEBUG:urllib3.connectionpool:http://api.brain-map.org:80 "GET /grid_data/download_file/638314843?image=projection_density&resolution=100 HTTP/1.1" 200 281966
./rebuild_oh_connectome.sh "experiments_exclude_updated.json" "../preprocessed/allen_template_inputs/oh_connectome_rgn_numbers_ccfv3.txt"	2026-01-23 20:28:18,284 allensdk.api.api.retrieve_file_over_http INFO     Downloading URL: http://api.brain-map.org/grid_data/download_file/558580065?image=data_mask&resolution=100
./rebuild_oh_connectome.sh "experiments_exclude_updated.json" "../preprocessed/allen_template_inputs/oh_connectome_rgn_numbers_ccfv3.txt"	INFO:allensdk.api.api.retrieve_file_over_http:Downloading URL: http://api.brain-map.org/grid_data/download_file/558580065?image=data_mask&resolution=100
./rebuild_oh_connectome.sh "experiments_exclude_updated.json" "../preprocessed/allen_template_inputs/oh_connectome_rgn_numbers_ccfv3.txt"	DEBUG:urllib3.connectionpool:Starting new HTTP connection (1): api.brain-map.org:80
./rebuild_oh_connectome.sh "experiments_exclude_updated.json" "../preprocessed/allen_template_inputs/oh_connectome_rgn_numbers_ccfv3.txt"	DEBUG:urllib3.connectionpool:http://api.brain-map.org:80 "GET /grid_data/download_file/558580065?image=data_mask&resolution=100 HTTP/1.1" 200 72273
./rebuild_oh_connectome.sh "experiments_exclude_updated.json" "../preprocessed/allen_template_inputs/oh_connectome_rgn_numbers_ccfv3.txt"	2026-01-23 20:28:20,333 allensdk.api.api.retrieve_file_over_http INFO     Downloading URL: http://api.brain-map.org/grid_data/download_file/558580065?image=injection_density&resolution=100
./rebuild_oh_connectome.sh "experiments_exclude_updated.json" "../preprocessed/allen_template_inputs/oh_connectome_rgn_numbers_ccfv3.txt"	INFO:allensdk.api.api.retrieve_file_over_http:Downloading URL: http://api.brain-map.org/grid_data/download_file/558580065?image=injection_density&resolution=100
./rebuild_oh_connectome.sh "experiments_exclude_updated.json" "../preprocessed/allen_template_inputs/oh_connectome_rgn_numbers_ccfv3.txt"	DEBUG:urllib3.connectionpool:Starting new HTTP connection (1): api.brain-map.org:80
./rebuild_oh_connectome.sh "experiments_exclude_updated.json" "../preprocessed/allen_template_inputs/oh_connectome_rgn_numbers_ccfv3.txt"	DEBUG:urllib3.connectionpool:http://api.brain-map.org:80 "GET /grid_data/download_file/558580065?image=injection_density&resolution=100 HTTP/1.1" 200 7277
./rebuild_oh_connectome.sh "experiments_exclude_updated.json" "../preprocessed/allen_template_inputs/oh_connectome_rgn_numbers_ccfv3.txt"	2026-01-23 20:28:21,052 allensdk.api.api.retrieve_file_over_http INFO     Downloading URL: http://api.brain-map.org/grid_data/download_file/558580065?image=injection_fraction&resolution=100
./rebuild_oh_connectome.sh "experiments_exclude_updated.json" "../preprocessed/allen_template_inputs/oh_connectome_rgn_numbers_ccfv3.txt"	INFO:allensdk.api.api.retrieve_file_over_http:Downloading URL: http://api.brain-map.org/grid_data/download_file/558580065?image=injection_fraction&resolution=100
./rebuild_oh_connectome.sh "experiments_exclude_updated.json" "../preprocessed/allen_template_inputs/oh_connectome_rgn_numbers_ccfv3.txt"	DEBUG:urllib3.connectionpool:Starting new HTTP connection (1): api.brain-map.org:80
./rebuild_oh_connectome.sh "experiments_exclude_updated.json" "../preprocessed/allen_template_inputs/oh_connectome_rgn_numbers_ccfv3.txt"	DEBUG:urllib3.connectionpool:http://api.brain-map.org:80 "GET /grid_data/download_file/558580065?image=injection_fraction&resolution=100 HTTP/1.1" 200 7227
./rebuild_oh_connectome.sh "experiments_exclude_updated.json" "../preprocessed/allen_template_inputs/oh_connectome_rgn_numbers_ccfv3.txt"	2026-01-23 20:28:21,318 allensdk.api.api.retrieve_file_over_http INFO     Downloading URL: http://api.brain-map.org/grid_data/download_file/558580065?image=projection_density&resolution=100
./rebuild_oh_connectome.sh "experiments_exclude_updated.json" "../preprocessed/allen_template_inputs/oh_connectome_rgn_numbers_ccfv3.txt"	INFO:allensdk.api.api.retrieve_file_over_http:Downloading URL: http://api.brain-map.org/grid_data/download_file/558580065?image=projection_density&resolution=100
./rebuild_oh_connectome.sh "experiments_exclude_updated.json" "../preprocessed/allen_template_inputs/oh_connectome_rgn_numbers_ccfv3.txt"	DEBUG:urllib3.connectionpool:Starting new HTTP connection (1): api.brain-map.org:80
./rebuild_oh_connectome.sh "experiments_exclude_updated.json" "../preprocessed/allen_template_inputs/oh_connectome_rgn_numbers_ccfv3.txt"	DEBUG:urllib3.connectionpool:http://api.brain-map.org:80 "GET /grid_data/download_file/558580065?image=projection_density&resolution=100 HTTP/1.1" 200 562887
./rebuild_oh_connectome.sh "experiments_exclude_updated.json" "../preprocessed/allen_template_inputs/oh_connectome_rgn_numbers_ccfv3.txt"	2026-01-23 20:28:38,279 allensdk.api.api.retrieve_file_over_http INFO     Downloading URL: http://api.brain-map.org/grid_data/download_file/115958115?image=data_mask&resolution=100
./rebuild_oh_connectome.sh "experiments_exclude_updated.json" "../preprocessed/allen_template_inputs/oh_connectome_rgn_numbers_ccfv3.txt"	INFO:allensdk.api.api.retrieve_file_over_http:Downloading URL: http://api.brain-map.org/grid_data/download_file/115958115?image=data_mask&resolution=100
./rebuild_oh_connectome.sh "experiments_exclude_updated.json" "../preprocessed/allen_template_inputs/oh_connectome_rgn_numbers_ccfv3.txt"	DEBUG:urllib3.connectionpool:Starting new HTTP connection (1): api.brain-map.org:80
./rebuild_oh_connectome.sh "experiments_exclude_updated.json" "../preprocessed/allen_template_inputs/oh_connectome_rgn_numbers_ccfv3.txt"	DEBUG:urllib3.connectionpool:http://api.brain-map.org:80 "GET /grid_data/download_file/115958115?image=data_mask&resolution=100 HTTP/1.1" 200 64906
./rebuild_oh_connectome.sh "experiments_exclude_updated.json" "../preprocessed/allen_template_inputs/oh_connectome_rgn_numbers_ccfv3.txt"	2026-01-23 20:28:39,055 allensdk.api.api.retrieve_file_over_http INFO     Downloading URL: http://api.brain-map.org/grid_data/download_file/115958115?image=injection_density&resolution=100
./rebuild_oh_connectome.sh "experiments_exclude_updated.json" "../preprocessed/allen_template_inputs/oh_connectome_rgn_numbers_ccfv3.txt"	INFO:allensdk.api.api.retrieve_file_over_http:Downloading URL: http://api.brain-map.org/grid_data/download_file/115958115?image=injection_density&resolution=100
./rebuild_oh_connectome.sh "experiments_exclude_updated.json" "../preprocessed/allen_template_inputs/oh_connectome_rgn_numbers_ccfv3.txt"	DEBUG:urllib3.connectionpool:Starting new HTTP connection (1): api.brain-map.org:80
./rebuild_oh_connectome.sh "experiments_exclude_updated.json" "../preprocessed/allen_template_inputs/oh_connectome_rgn_numbers_ccfv3.txt"	DEBUG:urllib3.connectionpool:http://api.brain-map.org:80 "GET /grid_data/download_file/115958115?image=injection_density&resolution=100 HTTP/1.1" 200 9312
./rebuild_oh_connectome.sh "experiments_exclude_updated.json" "../preprocessed/allen_template_inputs/oh_connectome_rgn_numbers_ccfv3.txt"	2026-01-23 20:28:39,499 allensdk.api.api.retrieve_file_over_http INFO     Downloading URL: http://api.brain-map.org/grid_data/download_file/115958115?image=injection_fraction&resolution=100
./rebuild_oh_connectome.sh "experiments_exclude_updated.json" "../preprocessed/allen_template_inputs/oh_connectome_rgn_numbers_ccfv3.txt"	INFO:allensdk.api.api.retrieve_file_over_http:Downloading URL: http://api.brain-map.org/grid_data/download_file/115958115?image=injection_fraction&resolution=100
./rebuild_oh_connectome.sh "experiments_exclude_updated.json" "../preprocessed/allen_template_inputs/oh_connectome_rgn_numbers_ccfv3.txt"	DEBUG:urllib3.connectionpool:Starting new HTTP connection (1): api.brain-map.org:80
./rebuild_oh_connectome.sh "experiments_exclude_updated.json" "../preprocessed/allen_template_inputs/oh_connectome_rgn_numbers_ccfv3.txt"	DEBUG:urllib3.connectionpool:http://api.brain-map.org:80 "GET /grid_data/download_file/115958115?image=injection_fraction&resolution=100 HTTP/1.1" 200 8803
./rebuild_oh_connectome.sh "experiments_exclude_updated.json" "../preprocessed/allen_template_inputs/oh_connectome_rgn_numbers_ccfv3.txt"	2026-01-23 20:28:40,212 allensdk.api.api.retrieve_file_over_http INFO     Downloading URL: http://api.brain-map.org/grid_data/download_file/115958115?image=projection_density&resolution=100
./rebuild_oh_connectome.sh "experiments_exclude_updated.json" "../preprocessed/allen_template_inputs/oh_connectome_rgn_numbers_ccfv3.txt"	INFO:allensdk.api.api.retrieve_file_over_http:Downloading URL: http://api.brain-map.org/grid_data/download_file/115958115?image=projection_density&resolution=100
./rebuild_oh_connectome.sh "experiments_exclude_updated.json" "../preprocessed/allen_template_inputs/oh_connectome_rgn_numbers_ccfv3.txt"	DEBUG:urllib3.connectionpool:Starting new HTTP connection (1): api.brain-map.org:80
./rebuild_oh_connectome.sh "experiments_exclude_updated.json" "../preprocessed/allen_template_inputs/oh_connectome_rgn_numbers_ccfv3.txt"	DEBUG:urllib3.connectionpool:http://api.brain-map.org:80 "GET /grid_data/download_file/115958115?image=projection_density&resolution=100 HTTP/1.1" 200 658729
./rebuild_oh_connectome.sh "experiments_exclude_updated.json" "../preprocessed/allen_template_inputs/oh_connectome_rgn_numbers_ccfv3.txt"	2026-01-23 20:28:58,426 allensdk.api.api.retrieve_file_over_http INFO     Downloading URL: http://api.brain-map.org/grid_data/download_file/126861679?image=data_mask&resolution=100
./rebuild_oh_connectome.sh "experiments_exclude_updated.json" "../preprocessed/allen_template_inputs/oh_connectome_rgn_numbers_ccfv3.txt"	INFO:allensdk.api.api.retrieve_file_over_http:Downloading URL: http://api.brain-map.org/grid_data/download_file/126861679?image=data_mask&resolution=100
./rebuild_oh_connectome.sh "experiments_exclude_updated.json" "../preprocessed/allen_template_inputs/oh_connectome_rgn_numbers_ccfv3.txt"	DEBUG:urllib3.connectionpool:Starting new HTTP connection (1): api.brain-map.org:80
./rebuild_oh_connectome.sh "experiments_exclude_updated.json" "../preprocessed/allen_template_inputs/oh_connectome_rgn_numbers_ccfv3.txt"	DEBUG:urllib3.connectionpool:http://api.brain-map.org:80 "GET /grid_data/download_file/126861679?image=data_mask&resolution=100 HTTP/1.1" 200 64605
./rebuild_oh_connectome.sh "experiments_exclude_updated.json" "../preprocessed/allen_template_inputs/oh_connectome_rgn_numbers_ccfv3.txt"	2026-01-23 20:28:59,464 allensdk.api.api.retrieve_file_over_http INFO     Downloading URL: http://api.brain-map.org/grid_data/download_file/126861679?image=injection_density&resolution=100
./rebuild_oh_connectome.sh "experiments_exclude_updated.json" "../preprocessed/allen_template_inputs/oh_connectome_rgn_numbers_ccfv3.txt"	INFO:allensdk.api.api.retrieve_file_over_http:Downloading URL: http://api.brain-map.org/grid_data/download_file/126861679?image=injection_density&resolution=100
./rebuild_oh_connectome.sh "experiments_exclude_updated.json" "../preprocessed/allen_template_inputs/oh_connectome_rgn_numbers_ccfv3.txt"	DEBUG:urllib3.connectionpool:Starting new HTTP connection (1): api.brain-map.org:80
./rebuild_oh_connectome.sh "experiments_exclude_updated.json" "../preprocessed/allen_template_inputs/oh_connectome_rgn_numbers_ccfv3.txt"	DEBUG:urllib3.connectionpool:http://api.brain-map.org:80 "GET /grid_data/download_file/126861679?image=injection_density&resolution=100 HTTP/1.1" 200 6755
./rebuild_oh_connectome.sh "experiments_exclude_updated.json" "../preprocessed/allen_template_inputs/oh_connectome_rgn_numbers_ccfv3.txt"	2026-01-23 20:29:00,022 allensdk.api.api.retrieve_file_over_http INFO     Downloading URL: http://api.brain-map.org/grid_data/download_file/126861679?image=injection_fraction&resolution=100
./rebuild_oh_connectome.sh "experiments_exclude_updated.json" "../preprocessed/allen_template_inputs/oh_connectome_rgn_numbers_ccfv3.txt"	INFO:allensdk.api.api.retrieve_file_over_http:Downloading URL: http://api.brain-map.org/grid_data/download_file/126861679?image=injection_fraction&resolution=100
./rebuild_oh_connectome.sh "experiments_exclude_updated.json" "../preprocessed/allen_template_inputs/oh_connectome_rgn_numbers_ccfv3.txt"	DEBUG:urllib3.connectionpool:Starting new HTTP connection (1): api.brain-map.org:80
./rebuild_oh_connectome.sh "experiments_exclude_updated.json" "../preprocessed/allen_template_inputs/oh_connectome_rgn_numbers_ccfv3.txt"	DEBUG:urllib3.connectionpool:http://api.brain-map.org:80 "GET /grid_data/download_file/126861679?image=injection_fraction&resolution=100 HTTP/1.1" 200 6706
./rebuild_oh_connectome.sh "experiments_exclude_updated.json" "../preprocessed/allen_template_inputs/oh_connectome_rgn_numbers_ccfv3.txt"	2026-01-23 20:29:00,770 allensdk.api.api.retrieve_file_over_http INFO     Downloading URL: http://api.brain-map.org/grid_data/download_file/126861679?image=projection_density&resolution=100
./rebuild_oh_connectome.sh "experiments_exclude_updated.json" "../preprocessed/allen_template_inputs/oh_connectome_rgn_numbers_ccfv3.txt"	INFO:allensdk.api.api.retrieve_file_over_http:Downloading URL: http://api.brain-map.org/grid_data/download_file/126861679?image=projection_density&resolution=100
./rebuild_oh_connectome.sh "experiments_exclude_updated.json" "../preprocessed/allen_template_inputs/oh_connectome_rgn_numbers_ccfv3.txt"	DEBUG:urllib3.connectionpool:Starting new HTTP connection (1): api.brain-map.org:80
./rebuild_oh_connectome.sh "experiments_exclude_updated.json" "../preprocessed/allen_template_inputs/oh_connectome_rgn_numbers_ccfv3.txt"	DEBUG:urllib3.connectionpool:http://api.brain-map.org:80 "GET /grid_data/download_file/126861679?image=projection_density&resolution=100 HTTP/1.1" 200 854890
./rebuild_oh_connectome.sh "experiments_exclude_updated.json" "../preprocessed/allen_template_inputs/oh_connectome_rgn_numbers_ccfv3.txt"	2026-01-23 20:29:25,351 allensdk.api.api.retrieve_file_over_http INFO     Downloading URL: http://api.brain-map.org/grid_data/download_file/147706228?image=data_mask&resolution=100
./rebuild_oh_connectome.sh "experiments_exclude_updated.json" "../preprocessed/allen_template_inputs/oh_connectome_rgn_numbers_ccfv3.txt"	INFO:allensdk.api.api.retrieve_file_over_http:Downloading URL: http://api.brain-map.org/grid_data/download_file/147706228?image=data_mask&resolution=100
./rebuild_oh_connectome.sh "experiments_exclude_updated.json" "../preprocessed/allen_template_inputs/oh_connectome_rgn_numbers_ccfv3.txt"	DEBUG:urllib3.connectionpool:Starting new HTTP connection (1): api.brain-map.org:80
./rebuild_oh_connectome.sh "experiments_exclude_updated.json" "../preprocessed/allen_template_inputs/oh_connectome_rgn_numbers_ccfv3.txt"	DEBUG:urllib3.connectionpool:http://api.brain-map.org:80 "GET /grid_data/download_file/147706228?image=data_mask&resolution=100 HTTP/1.1" 200 71134
./rebuild_oh_connectome.sh "experiments_exclude_updated.json" "../preprocessed/allen_template_inputs/oh_connectome_rgn_numbers_ccfv3.txt"	2026-01-23 20:29:26,863 allensdk.api.api.retrieve_file_over_http INFO     Downloading URL: http://api.brain-map.org/grid_data/download_file/147706228?image=injection_density&resolution=100
./rebuild_oh_connectome.sh "experiments_exclude_updated.json" "../preprocessed/allen_template_inputs/oh_connectome_rgn_numbers_ccfv3.txt"	INFO:allensdk.api.api.retrieve_file_over_http:Downloading URL: http://api.brain-map.org/grid_data/download_file/147706228?image=injection_density&resolution=100
./rebuild_oh_connectome.sh "experiments_exclude_updated.json" "../preprocessed/allen_template_inputs/oh_connectome_rgn_numbers_ccfv3.txt"	DEBUG:urllib3.connectionpool:Starting new HTTP connection (1): api.brain-map.org:80
./rebuild_oh_connectome.sh "experiments_exclude_updated.json" "../preprocessed/allen_template_inputs/oh_connectome_rgn_numbers_ccfv3.txt"	DEBUG:urllib3.connectionpool:http://api.brain-map.org:80 "GET /grid_data/download_file/147706228?image=injection_density&resolution=100 HTTP/1.1" 200 13697
./rebuild_oh_connectome.sh "experiments_exclude_updated.json" "../preprocessed/allen_template_inputs/oh_connectome_rgn_numbers_ccfv3.txt"	2026-01-23 20:29:27,294 allensdk.api.api.retrieve_file_over_http INFO     Downloading URL: http://api.brain-map.org/grid_data/download_file/147706228?image=injection_fraction&resolution=100
./rebuild_oh_connectome.sh "experiments_exclude_updated.json" "../preprocessed/allen_template_inputs/oh_connectome_rgn_numbers_ccfv3.txt"	INFO:allensdk.api.api.retrieve_file_over_http:Downloading URL: http://api.brain-map.org/grid_data/download_file/147706228?image=injection_fraction&resolution=100
./rebuild_oh_connectome.sh "experiments_exclude_updated.json" "../preprocessed/allen_template_inputs/oh_connectome_rgn_numbers_ccfv3.txt"	DEBUG:urllib3.connectionpool:Starting new HTTP connection (1): api.brain-map.org:80
./rebuild_oh_connectome.sh "experiments_exclude_updated.json" "../preprocessed/allen_template_inputs/oh_connectome_rgn_numbers_ccfv3.txt"	DEBUG:urllib3.connectionpool:http://api.brain-map.org:80 "GET /grid_data/download_file/147706228?image=injection_fraction&resolution=100 HTTP/1.1" 200 12850
./rebuild_oh_connectome.sh "experiments_exclude_updated.json" "../preprocessed/allen_template_inputs/oh_connectome_rgn_numbers_ccfv3.txt"	2026-01-23 20:29:27,942 allensdk.api.api.retrieve_file_over_http INFO     Downloading URL: http://api.brain-map.org/grid_data/download_file/147706228?image=projection_density&resolution=100
./rebuild_oh_connectome.sh "experiments_exclude_updated.json" "../preprocessed/allen_template_inputs/oh_connectome_rgn_numbers_ccfv3.txt"	INFO:allensdk.api.api.retrieve_file_over_http:Downloading URL: http://api.brain-map.org/grid_data/download_file/147706228?image=projection_density&resolution=100
./rebuild_oh_connectome.sh "experiments_exclude_updated.json" "../preprocessed/allen_template_inputs/oh_connectome_rgn_numbers_ccfv3.txt"	DEBUG:urllib3.connectionpool:Starting new HTTP connection (1): api.brain-map.org:80
./rebuild_oh_connectome.sh "experiments_exclude_updated.json" "../preprocessed/allen_template_inputs/oh_connectome_rgn_numbers_ccfv3.txt"	DEBUG:urllib3.connectionpool:http://api.brain-map.org:80 "GET /grid_data/download_file/147706228?image=projection_density&resolution=100 HTTP/1.1" 200 707963
./rebuild_oh_connectome.sh "experiments_exclude_updated.json" "../preprocessed/allen_template_inputs/oh_connectome_rgn_numbers_ccfv3.txt"	2026-01-23 20:29:47,654 allensdk.api.api.retrieve_file_over_http INFO     Downloading URL: http://api.brain-map.org/grid_data/download_file/141603190?image=data_mask&resolution=100
./rebuild_oh_connectome.sh "experiments_exclude_updated.json" "../preprocessed/allen_template_inputs/oh_connectome_rgn_numbers_ccfv3.txt"	INFO:allensdk.api.api.retrieve_file_over_http:Downloading URL: http://api.brain-map.org/grid_data/download_file/141603190?image=data_mask&resolution=100
./rebuild_oh_connectome.sh "experiments_exclude_updated.json" "../preprocessed/allen_template_inputs/oh_connectome_rgn_numbers_ccfv3.txt"	DEBUG:urllib3.connectionpool:Starting new HTTP connection (1): api.brain-map.org:80
./rebuild_oh_connectome.sh "experiments_exclude_updated.json" "../preprocessed/allen_template_inputs/oh_connectome_rgn_numbers_ccfv3.txt"	DEBUG:urllib3.connectionpool:http://api.brain-map.org:80 "GET /grid_data/download_file/141603190?image=data_mask&resolution=100 HTTP/1.1" 200 90695
./rebuild_oh_connectome.sh "experiments_exclude_updated.json" "../preprocessed/allen_template_inputs/oh_connectome_rgn_numbers_ccfv3.txt"	2026-01-23 20:29:48,955 allensdk.api.api.retrieve_file_over_http INFO     Downloading URL: http://api.brain-map.org/grid_data/download_file/141603190?image=injection_density&resolution=100
./rebuild_oh_connectome.sh "experiments_exclude_updated.json" "../preprocessed/allen_template_inputs/oh_connectome_rgn_numbers_ccfv3.txt"	INFO:allensdk.api.api.retrieve_file_over_http:Downloading URL: http://api.brain-map.org/grid_data/download_file/141603190?image=injection_density&resolution=100
./rebuild_oh_connectome.sh "experiments_exclude_updated.json" "../preprocessed/allen_template_inputs/oh_connectome_rgn_numbers_ccfv3.txt"	DEBUG:urllib3.connectionpool:Starting new HTTP connection (1): api.brain-map.org:80
./rebuild_oh_connectome.sh "experiments_exclude_updated.json" "../preprocessed/allen_template_inputs/oh_connectome_rgn_numbers_ccfv3.txt"	DEBUG:urllib3.connectionpool:http://api.brain-map.org:80 "GET /grid_data/download_file/141603190?image=injection_density&resolution=100 HTTP/1.1" 200 6730
./rebuild_oh_connectome.sh "experiments_exclude_updated.json" "../preprocessed/allen_template_inputs/oh_connectome_rgn_numbers_ccfv3.txt"	2026-01-23 20:29:49,423 allensdk.api.api.retrieve_file_over_http INFO     Downloading URL: http://api.brain-map.org/grid_data/download_file/141603190?image=injection_fraction&resolution=100
./rebuild_oh_connectome.sh "experiments_exclude_updated.json" "../preprocessed/allen_template_inputs/oh_connectome_rgn_numbers_ccfv3.txt"	INFO:allensdk.api.api.retrieve_file_over_http:Downloading URL: http://api.brain-map.org/grid_data/download_file/141603190?image=injection_fraction&resolution=100
./rebuild_oh_connectome.sh "experiments_exclude_updated.json" "../preprocessed/allen_template_inputs/oh_connectome_rgn_numbers_ccfv3.txt"	DEBUG:urllib3.connectionpool:Starting new HTTP connection (1): api.brain-map.org:80
./rebuild_oh_connectome.sh "experiments_exclude_updated.json" "../preprocessed/allen_template_inputs/oh_connectome_rgn_numbers_ccfv3.txt"	DEBUG:urllib3.connectionpool:http://api.brain-map.org:80 "GET /grid_data/download_file/141603190?image=injection_fraction&resolution=100 HTTP/1.1" 200 6701
./rebuild_oh_connectome.sh "experiments_exclude_updated.json" "../preprocessed/allen_template_inputs/oh_connectome_rgn_numbers_ccfv3.txt"	2026-01-23 20:29:49,636 allensdk.api.api.retrieve_file_over_http INFO     Downloading URL: http://api.brain-map.org/grid_data/download_file/141603190?image=projection_density&resolution=100
./rebuild_oh_connectome.sh "experiments_exclude_updated.json" "../preprocessed/allen_template_inputs/oh_connectome_rgn_numbers_ccfv3.txt"	INFO:allensdk.api.api.retrieve_file_over_http:Downloading URL: http://api.brain-map.org/grid_data/download_file/141603190?image=projection_density&resolution=100
./rebuild_oh_connectome.sh "experiments_exclude_updated.json" "../preprocessed/allen_template_inputs/oh_connectome_rgn_numbers_ccfv3.txt"	DEBUG:urllib3.connectionpool:Starting new HTTP connection (1): api.brain-map.org:80
./rebuild_oh_connectome.sh "experiments_exclude_updated.json" "../preprocessed/allen_template_inputs/oh_connectome_rgn_numbers_ccfv3.txt"	DEBUG:urllib3.connectionpool:http://api.brain-map.org:80 "GET /grid_data/download_file/141603190?image=projection_density&resolution=100 HTTP/1.1" 200 1009210
./rebuild_oh_connectome.sh "experiments_exclude_updated.json" "../preprocessed/allen_template_inputs/oh_connectome_rgn_numbers_ccfv3.txt"	2026-01-23 20:30:13,077 allensdk.api.api.retrieve_file_over_http INFO     Downloading URL: http://api.brain-map.org/grid_data/download_file/127349111?image=data_mask&resolution=100
./rebuild_oh_connectome.sh "experiments_exclude_updated.json" "../preprocessed/allen_template_inputs/oh_connectome_rgn_numbers_ccfv3.txt"	INFO:allensdk.api.api.retrieve_file_over_http:Downloading URL: http://api.brain-map.org/grid_data/download_file/127349111?image=data_mask&resolution=100
./rebuild_oh_connectome.sh "experiments_exclude_updated.json" "../preprocessed/allen_template_inputs/oh_connectome_rgn_numbers_ccfv3.txt"	DEBUG:urllib3.connectionpool:Starting new HTTP connection (1): api.brain-map.org:80
./rebuild_oh_connectome.sh "experiments_exclude_updated.json" "../preprocessed/allen_template_inputs/oh_connectome_rgn_numbers_ccfv3.txt"	DEBUG:urllib3.connectionpool:http://api.brain-map.org:80 "GET /grid_data/download_file/127349111?image=data_mask&resolution=100 HTTP/1.1" 200 48311
./rebuild_oh_connectome.sh "experiments_exclude_updated.json" "../preprocessed/allen_template_inputs/oh_connectome_rgn_numbers_ccfv3.txt"	2026-01-23 20:30:14,089 allensdk.api.api.retrieve_file_over_http INFO     Downloading URL: http://api.brain-map.org/grid_data/download_file/127349111?image=injection_density&resolution=100
./rebuild_oh_connectome.sh "experiments_exclude_updated.json" "../preprocessed/allen_template_inputs/oh_connectome_rgn_numbers_ccfv3.txt"	INFO:allensdk.api.api.retrieve_file_over_http:Downloading URL: http://api.brain-map.org/grid_data/download_file/127349111?image=injection_density&resolution=100
./rebuild_oh_connectome.sh "experiments_exclude_updated.json" "../preprocessed/allen_template_inputs/oh_connectome_rgn_numbers_ccfv3.txt"	DEBUG:urllib3.connectionpool:Starting new HTTP connection (1): api.brain-map.org:80
./rebuild_oh_connectome.sh "experiments_exclude_updated.json" "../preprocessed/allen_template_inputs/oh_connectome_rgn_numbers_ccfv3.txt"	DEBUG:urllib3.connectionpool:http://api.brain-map.org:80 "GET /grid_data/download_file/127349111?image=injection_density&resolution=100 HTTP/1.1" 200 7002
./rebuild_oh_connectome.sh "experiments_exclude_updated.json" "../preprocessed/allen_template_inputs/oh_connectome_rgn_numbers_ccfv3.txt"	2026-01-23 20:30:16,454 allensdk.api.api.retrieve_file_over_http INFO     Downloading URL: http://api.brain-map.org/grid_data/download_file/127349111?image=injection_fraction&resolution=100
./rebuild_oh_connectome.sh "experiments_exclude_updated.json" "../preprocessed/allen_template_inputs/oh_connectome_rgn_numbers_ccfv3.txt"	INFO:allensdk.api.api.retrieve_file_over_http:Downloading URL: http://api.brain-map.org/grid_data/download_file/127349111?image=injection_fraction&resolution=100
./rebuild_oh_connectome.sh "experiments_exclude_updated.json" "../preprocessed/allen_template_inputs/oh_connectome_rgn_numbers_ccfv3.txt"	DEBUG:urllib3.connectionpool:Starting new HTTP connection (1): api.brain-map.org:80
./rebuild_oh_connectome.sh "experiments_exclude_updated.json" "../preprocessed/allen_template_inputs/oh_connectome_rgn_numbers_ccfv3.txt"	DEBUG:urllib3.connectionpool:http://api.brain-map.org:80 "GET /grid_data/download_file/127349111?image=injection_fraction&resolution=100 HTTP/1.1" 200 7051
./rebuild_oh_connectome.sh "experiments_exclude_updated.json" "../preprocessed/allen_template_inputs/oh_connectome_rgn_numbers_ccfv3.txt"	2026-01-23 20:30:16,756 allensdk.api.api.retrieve_file_over_http INFO     Downloading URL: http://api.brain-map.org/grid_data/download_file/127349111?image=projection_density&resolution=100
./rebuild_oh_connectome.sh "experiments_exclude_updated.json" "../preprocessed/allen_template_inputs/oh_connectome_rgn_numbers_ccfv3.txt"	INFO:allensdk.api.api.retrieve_file_over_http:Downloading URL: http://api.brain-map.org/grid_data/download_file/127349111?image=projection_density&resolution=100
./rebuild_oh_connectome.sh "experiments_exclude_updated.json" "../preprocessed/allen_template_inputs/oh_connectome_rgn_numbers_ccfv3.txt"	DEBUG:urllib3.connectionpool:Starting new HTTP connection (1): api.brain-map.org:80
./rebuild_oh_connectome.sh "experiments_exclude_updated.json" "../preprocessed/allen_template_inputs/oh_connectome_rgn_numbers_ccfv3.txt"	DEBUG:urllib3.connectionpool:http://api.brain-map.org:80 "GET /grid_data/download_file/127349111?image=projection_density&resolution=100 HTTP/1.1" 200 413107
./rebuild_oh_connectome.sh "experiments_exclude_updated.json" "../preprocessed/allen_template_inputs/oh_connectome_rgn_numbers_ccfv3.txt"	2026-01-23 20:30:28,424 allensdk.api.api.retrieve_file_over_http INFO     Downloading URL: http://api.brain-map.org/grid_data/download_file/129573239?image=data_mask&resolution=100
./rebuild_oh_connectome.sh "experiments_exclude_updated.json" "../preprocessed/allen_template_inputs/oh_connectome_rgn_numbers_ccfv3.txt"	INFO:allensdk.api.api.retrieve_file_over_http:Downloading URL: http://api.brain-map.org/grid_data/download_file/129573239?image=data_mask&resolution=100
./rebuild_oh_connectome.sh "experiments_exclude_updated.json" "../preprocessed/allen_template_inputs/oh_connectome_rgn_numbers_ccfv3.txt"	DEBUG:urllib3.connectionpool:Starting new HTTP connection (1): api.brain-map.org:80
./rebuild_oh_connectome.sh "experiments_exclude_updated.json" "../preprocessed/allen_template_inputs/oh_connectome_rgn_numbers_ccfv3.txt"	DEBUG:urllib3.connectionpool:http://api.brain-map.org:80 "GET /grid_data/download_file/129573239?image=data_mask&resolution=100 HTTP/1.1" 200 80915
./rebuild_oh_connectome.sh "experiments_exclude_updated.json" "../preprocessed/allen_template_inputs/oh_connectome_rgn_numbers_ccfv3.txt"	2026-01-23 20:30:29,897 allensdk.api.api.retrieve_file_over_http INFO     Downloading URL: http://api.brain-map.org/grid_data/download_file/129573239?image=injection_density&resolution=100
./rebuild_oh_connectome.sh "experiments_exclude_updated.json" "../preprocessed/allen_template_inputs/oh_connectome_rgn_numbers_ccfv3.txt"	INFO:allensdk.api.api.retrieve_file_over_http:Downloading URL: http://api.brain-map.org/grid_data/download_file/129573239?image=injection_density&resolution=100
./rebuild_oh_connectome.sh "experiments_exclude_updated.json" "../preprocessed/allen_template_inputs/oh_connectome_rgn_numbers_ccfv3.txt"	DEBUG:urllib3.connectionpool:Starting new HTTP connection (1): api.brain-map.org:80
./rebuild_oh_connectome.sh "experiments_exclude_updated.json" "../preprocessed/allen_template_inputs/oh_connectome_rgn_numbers_ccfv3.txt"	DEBUG:urllib3.connectionpool:http://api.brain-map.org:80 "GET /grid_data/download_file/129573239?image=injection_density&resolution=100 HTTP/1.1" 200 8849
./rebuild_oh_connectome.sh "experiments_exclude_updated.json" "../preprocessed/allen_template_inputs/oh_connectome_rgn_numbers_ccfv3.txt"	2026-01-23 20:30:30,117 allensdk.api.api.retrieve_file_over_http INFO     Downloading URL: http://api.brain-map.org/grid_data/download_file/129573239?image=injection_fraction&resolution=100
./rebuild_oh_connectome.sh "experiments_exclude_updated.json" "../preprocessed/allen_template_inputs/oh_connectome_rgn_numbers_ccfv3.txt"	INFO:allensdk.api.api.retrieve_file_over_http:Downloading URL: http://api.brain-map.org/grid_data/download_file/129573239?image=injection_fraction&resolution=100
./rebuild_oh_connectome.sh "experiments_exclude_updated.json" "../preprocessed/allen_template_inputs/oh_connectome_rgn_numbers_ccfv3.txt"	DEBUG:urllib3.connectionpool:Starting new HTTP connection (1): api.brain-map.org:80
./rebuild_oh_connectome.sh "experiments_exclude_updated.json" "../preprocessed/allen_template_inputs/oh_connectome_rgn_numbers_ccfv3.txt"	DEBUG:urllib3.connectionpool:http://api.brain-map.org:80 "GET /grid_data/download_file/129573239?image=injection_fraction&resolution=100 HTTP/1.1" 200 8628
./rebuild_oh_connectome.sh "experiments_exclude_updated.json" "../preprocessed/allen_template_inputs/oh_connectome_rgn_numbers_ccfv3.txt"	2026-01-23 20:30:31,608 allensdk.api.api.retrieve_file_over_http INFO     Downloading URL: http://api.brain-map.org/grid_data/download_file/129573239?image=projection_density&resolution=100
./rebuild_oh_connectome.sh "experiments_exclude_updated.json" "../preprocessed/allen_template_inputs/oh_connectome_rgn_numbers_ccfv3.txt"	INFO:allensdk.api.api.retrieve_file_over_http:Downloading URL: http://api.brain-map.org/grid_data/download_file/129573239?image=projection_density&resolution=100
./rebuild_oh_connectome.sh "experiments_exclude_updated.json" "../preprocessed/allen_template_inputs/oh_connectome_rgn_numbers_ccfv3.txt"	DEBUG:urllib3.connectionpool:Starting new HTTP connection (1): api.brain-map.org:80
./rebuild_oh_connectome.sh "experiments_exclude_updated.json" "../preprocessed/allen_template_inputs/oh_connectome_rgn_numbers_ccfv3.txt"	DEBUG:urllib3.connectionpool:http://api.brain-map.org:80 "GET /grid_data/download_file/129573239?image=projection_density&resolution=100 HTTP/1.1" 200 649601
./rebuild_oh_connectome.sh "experiments_exclude_updated.json" "../preprocessed/allen_template_inputs/oh_connectome_rgn_numbers_ccfv3.txt"	2026-01-23 20:30:48,808 allensdk.api.api.retrieve_file_over_http INFO     Downloading URL: http://api.brain-map.org/grid_data/download_file/100141434?image=data_mask&resolution=100
./rebuild_oh_connectome.sh "experiments_exclude_updated.json" "../preprocessed/allen_template_inputs/oh_connectome_rgn_numbers_ccfv3.txt"	INFO:allensdk.api.api.retrieve_file_over_http:Downloading URL: http://api.brain-map.org/grid_data/download_file/100141434?image=data_mask&resolution=100
./rebuild_oh_connectome.sh "experiments_exclude_updated.json" "../preprocessed/allen_template_inputs/oh_connectome_rgn_numbers_ccfv3.txt"	DEBUG:urllib3.connectionpool:Starting new HTTP connection (1): api.brain-map.org:80
./rebuild_oh_connectome.sh "experiments_exclude_updated.json" "../preprocessed/allen_template_inputs/oh_connectome_rgn_numbers_ccfv3.txt"	DEBUG:urllib3.connectionpool:http://api.brain-map.org:80 "GET /grid_data/download_file/100141434?image=data_mask&resolution=100 HTTP/1.1" 200 14540
./rebuild_oh_connectome.sh "experiments_exclude_updated.json" "../preprocessed/allen_template_inputs/oh_connectome_rgn_numbers_ccfv3.txt"	2026-01-23 20:30:49,366 allensdk.api.api.retrieve_file_over_http INFO     Downloading URL: http://api.brain-map.org/grid_data/download_file/100141434?image=injection_density&resolution=100
./rebuild_oh_connectome.sh "experiments_exclude_updated.json" "../preprocessed/allen_template_inputs/oh_connectome_rgn_numbers_ccfv3.txt"	INFO:allensdk.api.api.retrieve_file_over_http:Downloading URL: http://api.brain-map.org/grid_data/download_file/100141434?image=injection_density&resolution=100
./rebuild_oh_connectome.sh "experiments_exclude_updated.json" "../preprocessed/allen_template_inputs/oh_connectome_rgn_numbers_ccfv3.txt"	DEBUG:urllib3.connectionpool:Starting new HTTP connection (1): api.brain-map.org:80
./rebuild_oh_connectome.sh "experiments_exclude_updated.json" "../preprocessed/allen_template_inputs/oh_connectome_rgn_numbers_ccfv3.txt"	DEBUG:urllib3.connectionpool:http://api.brain-map.org:80 "GET /grid_data/download_file/100141434?image=injection_density&resolution=100 HTTP/1.1" 200 9415
./rebuild_oh_connectome.sh "experiments_exclude_updated.json" "../preprocessed/allen_template_inputs/oh_connectome_rgn_numbers_ccfv3.txt"	2026-01-23 20:30:49,668 allensdk.api.api.retrieve_file_over_http INFO     Downloading URL: http://api.brain-map.org/grid_data/download_file/100141434?image=injection_fraction&resolution=100
./rebuild_oh_connectome.sh "experiments_exclude_updated.json" "../preprocessed/allen_template_inputs/oh_connectome_rgn_numbers_ccfv3.txt"	INFO:allensdk.api.api.retrieve_file_over_http:Downloading URL: http://api.brain-map.org/grid_data/download_file/100141434?image=injection_fraction&resolution=100
./rebuild_oh_connectome.sh "experiments_exclude_updated.json" "../preprocessed/allen_template_inputs/oh_connectome_rgn_numbers_ccfv3.txt"	DEBUG:urllib3.connectionpool:Starting new HTTP connection (1): api.brain-map.org:80
./rebuild_oh_connectome.sh "experiments_exclude_updated.json" "../preprocessed/allen_template_inputs/oh_connectome_rgn_numbers_ccfv3.txt"	DEBUG:urllib3.connectionpool:http://api.brain-map.org:80 "GET /grid_data/download_file/100141434?image=injection_fraction&resolution=100 HTTP/1.1" 200 8983
./rebuild_oh_connectome.sh "experiments_exclude_updated.json" "../preprocessed/allen_template_inputs/oh_connectome_rgn_numbers_ccfv3.txt"	2026-01-23 20:30:50,269 allensdk.api.api.retrieve_file_over_http INFO     Downloading URL: http://api.brain-map.org/grid_data/download_file/100141434?image=projection_density&resolution=100
./rebuild_oh_connectome.sh "experiments_exclude_updated.json" "../preprocessed/allen_template_inputs/oh_connectome_rgn_numbers_ccfv3.txt"	INFO:allensdk.api.api.retrieve_file_over_http:Downloading URL: http://api.brain-map.org/grid_data/download_file/100141434?image=projection_density&resolution=100
./rebuild_oh_connectome.sh "experiments_exclude_updated.json" "../preprocessed/allen_template_inputs/oh_connectome_rgn_numbers_ccfv3.txt"	DEBUG:urllib3.connectionpool:Starting new HTTP connection (1): api.brain-map.org:80
./rebuild_oh_connectome.sh "experiments_exclude_updated.json" "../preprocessed/allen_template_inputs/oh_connectome_rgn_numbers_ccfv3.txt"	DEBUG:urllib3.connectionpool:http://api.brain-map.org:80 "GET /grid_data/download_file/100141434?image=projection_density&resolution=100 HTTP/1.1" 200 454023
./rebuild_oh_connectome.sh "experiments_exclude_updated.json" "../preprocessed/allen_template_inputs/oh_connectome_rgn_numbers_ccfv3.txt"	2026-01-23 20:31:00,144 allensdk.api.api.retrieve_file_over_http INFO     Downloading URL: http://api.brain-map.org/grid_data/download_file/100141435?image=data_mask&resolution=100
./rebuild_oh_connectome.sh "experiments_exclude_updated.json" "../preprocessed/allen_template_inputs/oh_connectome_rgn_numbers_ccfv3.txt"	INFO:allensdk.api.api.retrieve_file_over_http:Downloading URL: http://api.brain-map.org/grid_data/download_file/100141435?image=data_mask&resolution=100
./rebuild_oh_connectome.sh "experiments_exclude_updated.json" "../preprocessed/allen_template_inputs/oh_connectome_rgn_numbers_ccfv3.txt"	DEBUG:urllib3.connectionpool:Starting new HTTP connection (1): api.brain-map.org:80
./rebuild_oh_connectome.sh "experiments_exclude_updated.json" "../preprocessed/allen_template_inputs/oh_connectome_rgn_numbers_ccfv3.txt"	DEBUG:urllib3.connectionpool:http://api.brain-map.org:80 "GET /grid_data/download_file/100141435?image=data_mask&resolution=100 HTTP/1.1" 200 38967
./rebuild_oh_connectome.sh "experiments_exclude_updated.json" "../preprocessed/allen_template_inputs/oh_connectome_rgn_numbers_ccfv3.txt"	2026-01-23 20:31:01,133 allensdk.api.api.retrieve_file_over_http INFO     Downloading URL: http://api.brain-map.org/grid_data/download_file/100141435?image=injection_density&resolution=100
./rebuild_oh_connectome.sh "experiments_exclude_updated.json" "../preprocessed/allen_template_inputs/oh_connectome_rgn_numbers_ccfv3.txt"	INFO:allensdk.api.api.retrieve_file_over_http:Downloading URL: http://api.brain-map.org/grid_data/download_file/100141435?image=injection_density&resolution=100
./rebuild_oh_connectome.sh "experiments_exclude_updated.json" "../preprocessed/allen_template_inputs/oh_connectome_rgn_numbers_ccfv3.txt"	DEBUG:urllib3.connectionpool:Starting new HTTP connection (1): api.brain-map.org:80
./rebuild_oh_connectome.sh "experiments_exclude_updated.json" "../preprocessed/allen_template_inputs/oh_connectome_rgn_numbers_ccfv3.txt"	DEBUG:urllib3.connectionpool:http://api.brain-map.org:80 "GET /grid_data/download_file/100141435?image=injection_density&resolution=100 HTTP/1.1" 200 7936
./rebuild_oh_connectome.sh "experiments_exclude_updated.json" "../preprocessed/allen_template_inputs/oh_connectome_rgn_numbers_ccfv3.txt"	2026-01-23 20:31:01,504 allensdk.api.api.retrieve_file_over_http INFO     Downloading URL: http://api.brain-map.org/grid_data/download_file/100141435?image=injection_fraction&resolution=100
./rebuild_oh_connectome.sh "experiments_exclude_updated.json" "../preprocessed/allen_template_inputs/oh_connectome_rgn_numbers_ccfv3.txt"	INFO:allensdk.api.api.retrieve_file_over_http:Downloading URL: http://api.brain-map.org/grid_data/download_file/100141435?image=injection_fraction&resolution=100
./rebuild_oh_connectome.sh "experiments_exclude_updated.json" "../preprocessed/allen_template_inputs/oh_connectome_rgn_numbers_ccfv3.txt"	DEBUG:urllib3.connectionpool:Starting new HTTP connection (1): api.brain-map.org:80
./rebuild_oh_connectome.sh "experiments_exclude_updated.json" "../preprocessed/allen_template_inputs/oh_connectome_rgn_numbers_ccfv3.txt"	DEBUG:urllib3.connectionpool:http://api.brain-map.org:80 "GET /grid_data/download_file/100141435?image=injection_fraction&resolution=100 HTTP/1.1" 200 7778
./rebuild_oh_connectome.sh "experiments_exclude_updated.json" "../preprocessed/allen_template_inputs/oh_connectome_rgn_numbers_ccfv3.txt"	2026-01-23 20:31:02,478 allensdk.api.api.retrieve_file_over_http INFO     Downloading URL: http://api.brain-map.org/grid_data/download_file/100141435?image=projection_density&resolution=100
./rebuild_oh_connectome.sh "experiments_exclude_updated.json" "../preprocessed/allen_template_inputs/oh_connectome_rgn_numbers_ccfv3.txt"	INFO:allensdk.api.api.retrieve_file_over_http:Downloading URL: http://api.brain-map.org/grid_data/download_file/100141435?image=projection_density&resolution=100
./rebuild_oh_connectome.sh "experiments_exclude_updated.json" "../preprocessed/allen_template_inputs/oh_connectome_rgn_numbers_ccfv3.txt"	DEBUG:urllib3.connectionpool:Starting new HTTP connection (1): api.brain-map.org:80
./rebuild_oh_connectome.sh "experiments_exclude_updated.json" "../preprocessed/allen_template_inputs/oh_connectome_rgn_numbers_ccfv3.txt"	DEBUG:urllib3.connectionpool:http://api.brain-map.org:80 "GET /grid_data/download_file/100141435?image=projection_density&resolution=100 HTTP/1.1" 200 214823
./rebuild_oh_connectome.sh "experiments_exclude_updated.json" "../preprocessed/allen_template_inputs/oh_connectome_rgn_numbers_ccfv3.txt"	2026-01-23 20:31:08,289 allensdk.api.api.retrieve_file_over_http INFO     Downloading URL: http://api.brain-map.org/grid_data/download_file/112458114?image=projection_density&resolution=100
./rebuild_oh_connectome.sh "experiments_exclude_updated.json" "../preprocessed/allen_template_inputs/oh_connectome_rgn_numbers_ccfv3.txt"	INFO:allensdk.api.api.retrieve_file_over_http:Downloading URL: http://api.brain-map.org/grid_data/download_file/112458114?image=projection_density&resolution=100
./rebuild_oh_connectome.sh "experiments_exclude_updated.json" "../preprocessed/allen_template_inputs/oh_connectome_rgn_numbers_ccfv3.txt"	DEBUG:urllib3.connectionpool:Starting new HTTP connection (1): api.brain-map.org:80
./rebuild_oh_connectome.sh "experiments_exclude_updated.json" "../preprocessed/allen_template_inputs/oh_connectome_rgn_numbers_ccfv3.txt"	DEBUG:urllib3.connectionpool:http://api.brain-map.org:80 "GET /grid_data/download_file/112458114?image=projection_density&resolution=100 HTTP/1.1" 200 625413
./rebuild_oh_connectome.sh "experiments_exclude_updated.json" "../preprocessed/allen_template_inputs/oh_connectome_rgn_numbers_ccfv3.txt"	2026-01-23 20:31:23,642 allensdk.api.api.retrieve_file_over_http INFO     Downloading URL: http://api.brain-map.org/grid_data/download_file/127353220?image=data_mask&resolution=100
./rebuild_oh_connectome.sh "experiments_exclude_updated.json" "../preprocessed/allen_template_inputs/oh_connectome_rgn_numbers_ccfv3.txt"	INFO:allensdk.api.api.retrieve_file_over_http:Downloading URL: http://api.brain-map.org/grid_data/download_file/127353220?image=data_mask&resolution=100
./rebuild_oh_connectome.sh "experiments_exclude_updated.json" "../preprocessed/allen_template_inputs/oh_connectome_rgn_numbers_ccfv3.txt"	DEBUG:urllib3.connectionpool:Starting new HTTP connection (1): api.brain-map.org:80
./rebuild_oh_connectome.sh "experiments_exclude_updated.json" "../preprocessed/allen_template_inputs/oh_connectome_rgn_numbers_ccfv3.txt"	DEBUG:urllib3.connectionpool:http://api.brain-map.org:80 "GET /grid_data/download_file/127353220?image=data_mask&resolution=100 HTTP/1.1" 200 75523
./rebuild_oh_connectome.sh "experiments_exclude_updated.json" "../preprocessed/allen_template_inputs/oh_connectome_rgn_numbers_ccfv3.txt"	2026-01-23 20:31:25,212 allensdk.api.api.retrieve_file_over_http INFO     Downloading URL: http://api.brain-map.org/grid_data/download_file/127353220?image=injection_density&resolution=100
./rebuild_oh_connectome.sh "experiments_exclude_updated.json" "../preprocessed/allen_template_inputs/oh_connectome_rgn_numbers_ccfv3.txt"	INFO:allensdk.api.api.retrieve_file_over_http:Downloading URL: http://api.brain-map.org/grid_data/download_file/127353220?image=injection_density&resolution=100
./rebuild_oh_connectome.sh "experiments_exclude_updated.json" "../preprocessed/allen_template_inputs/oh_connectome_rgn_numbers_ccfv3.txt"	DEBUG:urllib3.connectionpool:Starting new HTTP connection (1): api.brain-map.org:80
./rebuild_oh_connectome.sh "experiments_exclude_updated.json" "../preprocessed/allen_template_inputs/oh_connectome_rgn_numbers_ccfv3.txt"	DEBUG:urllib3.connectionpool:http://api.brain-map.org:80 "GET /grid_data/download_file/127353220?image=injection_density&resolution=100 HTTP/1.1" 200 7353
./rebuild_oh_connectome.sh "experiments_exclude_updated.json" "../preprocessed/allen_template_inputs/oh_connectome_rgn_numbers_ccfv3.txt"	2026-01-23 20:31:25,682 allensdk.api.api.retrieve_file_over_http INFO     Downloading URL: http://api.brain-map.org/grid_data/download_file/127353220?image=injection_fraction&resolution=100
./rebuild_oh_connectome.sh "experiments_exclude_updated.json" "../preprocessed/allen_template_inputs/oh_connectome_rgn_numbers_ccfv3.txt"	INFO:allensdk.api.api.retrieve_file_over_http:Downloading URL: http://api.brain-map.org/grid_data/download_file/127353220?image=injection_fraction&resolution=100
./rebuild_oh_connectome.sh "experiments_exclude_updated.json" "../preprocessed/allen_template_inputs/oh_connectome_rgn_numbers_ccfv3.txt"	DEBUG:urllib3.connectionpool:Starting new HTTP connection (1): api.brain-map.org:80
./rebuild_oh_connectome.sh "experiments_exclude_updated.json" "../preprocessed/allen_template_inputs/oh_connectome_rgn_numbers_ccfv3.txt"	DEBUG:urllib3.connectionpool:http://api.brain-map.org:80 "GET /grid_data/download_file/127353220?image=injection_fraction&resolution=100 HTTP/1.1" 200 7321
./rebuild_oh_connectome.sh "experiments_exclude_updated.json" "../preprocessed/allen_template_inputs/oh_connectome_rgn_numbers_ccfv3.txt"	2026-01-23 20:31:26,197 allensdk.api.api.retrieve_file_over_http INFO     Downloading URL: http://api.brain-map.org/grid_data/download_file/127353220?image=projection_density&resolution=100
./rebuild_oh_connectome.sh "experiments_exclude_updated.json" "../preprocessed/allen_template_inputs/oh_connectome_rgn_numbers_ccfv3.txt"	INFO:allensdk.api.api.retrieve_file_over_http:Downloading URL: http://api.brain-map.org/grid_data/download_file/127353220?image=projection_density&resolution=100
./rebuild_oh_connectome.sh "experiments_exclude_updated.json" "../preprocessed/allen_template_inputs/oh_connectome_rgn_numbers_ccfv3.txt"	DEBUG:urllib3.connectionpool:Starting new HTTP connection (1): api.brain-map.org:80
./rebuild_oh_connectome.sh "experiments_exclude_updated.json" "../preprocessed/allen_template_inputs/oh_connectome_rgn_numbers_ccfv3.txt"	DEBUG:urllib3.connectionpool:http://api.brain-map.org:80 "GET /grid_data/download_file/127353220?image=projection_density&resolution=100 HTTP/1.1" 200 207225
./rebuild_oh_connectome.sh "experiments_exclude_updated.json" "../preprocessed/allen_template_inputs/oh_connectome_rgn_numbers_ccfv3.txt"	2026-01-23 20:31:30,883 allensdk.api.api.retrieve_file_over_http INFO     Downloading URL: http://api.brain-map.org/grid_data/download_file/170721670?image=data_mask&resolution=100
./rebuild_oh_connectome.sh "experiments_exclude_updated.json" "../preprocessed/allen_template_inputs/oh_connectome_rgn_numbers_ccfv3.txt"	INFO:allensdk.api.api.retrieve_file_over_http:Downloading URL: http://api.brain-map.org/grid_data/download_file/170721670?image=data_mask&resolution=100
./rebuild_oh_connectome.sh "experiments_exclude_updated.json" "../preprocessed/allen_template_inputs/oh_connectome_rgn_numbers_ccfv3.txt"	DEBUG:urllib3.connectionpool:Starting new HTTP connection (1): api.brain-map.org:80
./rebuild_oh_connectome.sh "experiments_exclude_updated.json" "../preprocessed/allen_template_inputs/oh_connectome_rgn_numbers_ccfv3.txt"	DEBUG:urllib3.connectionpool:http://api.brain-map.org:80 "GET /grid_data/download_file/170721670?image=data_mask&resolution=100 HTTP/1.1" 200 79319
./rebuild_oh_connectome.sh "experiments_exclude_updated.json" "../preprocessed/allen_template_inputs/oh_connectome_rgn_numbers_ccfv3.txt"	2026-01-23 20:31:32,219 allensdk.api.api.retrieve_file_over_http INFO     Downloading URL: http://api.brain-map.org/grid_data/download_file/170721670?image=injection_density&resolution=100
./rebuild_oh_connectome.sh "experiments_exclude_updated.json" "../preprocessed/allen_template_inputs/oh_connectome_rgn_numbers_ccfv3.txt"	INFO:allensdk.api.api.retrieve_file_over_http:Downloading URL: http://api.brain-map.org/grid_data/download_file/170721670?image=injection_density&resolution=100
./rebuild_oh_connectome.sh "experiments_exclude_updated.json" "../preprocessed/allen_template_inputs/oh_connectome_rgn_numbers_ccfv3.txt"	DEBUG:urllib3.connectionpool:Starting new HTTP connection (1): api.brain-map.org:80
./rebuild_oh_connectome.sh "experiments_exclude_updated.json" "../preprocessed/allen_template_inputs/oh_connectome_rgn_numbers_ccfv3.txt"	DEBUG:urllib3.connectionpool:http://api.brain-map.org:80 "GET /grid_data/download_file/170721670?image=injection_density&resolution=100 HTTP/1.1" 200 7033
./rebuild_oh_connectome.sh "experiments_exclude_updated.json" "../preprocessed/allen_template_inputs/oh_connectome_rgn_numbers_ccfv3.txt"	2026-01-23 20:31:32,434 allensdk.api.api.retrieve_file_over_http INFO     Downloading URL: http://api.brain-map.org/grid_data/download_file/170721670?image=injection_fraction&resolution=100
./rebuild_oh_connectome.sh "experiments_exclude_updated.json" "../preprocessed/allen_template_inputs/oh_connectome_rgn_numbers_ccfv3.txt"	INFO:allensdk.api.api.retrieve_file_over_http:Downloading URL: http://api.brain-map.org/grid_data/download_file/170721670?image=injection_fraction&resolution=100
./rebuild_oh_connectome.sh "experiments_exclude_updated.json" "../preprocessed/allen_template_inputs/oh_connectome_rgn_numbers_ccfv3.txt"	DEBUG:urllib3.connectionpool:Starting new HTTP connection (1): api.brain-map.org:80
./rebuild_oh_connectome.sh "experiments_exclude_updated.json" "../preprocessed/allen_template_inputs/oh_connectome_rgn_numbers_ccfv3.txt"	DEBUG:urllib3.connectionpool:http://api.brain-map.org:80 "GET /grid_data/download_file/170721670?image=injection_fraction&resolution=100 HTTP/1.1" 200 7033
./rebuild_oh_connectome.sh "experiments_exclude_updated.json" "../preprocessed/allen_template_inputs/oh_connectome_rgn_numbers_ccfv3.txt"	2026-01-23 20:31:32,645 allensdk.api.api.retrieve_file_over_http INFO     Downloading URL: http://api.brain-map.org/grid_data/download_file/170721670?image=projection_density&resolution=100
./rebuild_oh_connectome.sh "experiments_exclude_updated.json" "../preprocessed/allen_template_inputs/oh_connectome_rgn_numbers_ccfv3.txt"	INFO:allensdk.api.api.retrieve_file_over_http:Downloading URL: http://api.brain-map.org/grid_data/download_file/170721670?image=projection_density&resolution=100
./rebuild_oh_connectome.sh "experiments_exclude_updated.json" "../preprocessed/allen_template_inputs/oh_connectome_rgn_numbers_ccfv3.txt"	DEBUG:urllib3.connectionpool:Starting new HTTP connection (1): api.brain-map.org:80
./rebuild_oh_connectome.sh "experiments_exclude_updated.json" "../preprocessed/allen_template_inputs/oh_connectome_rgn_numbers_ccfv3.txt"	DEBUG:urllib3.connectionpool:http://api.brain-map.org:80 "GET /grid_data/download_file/170721670?image=projection_density&resolution=100 HTTP/1.1" 200 776466
./rebuild_oh_connectome.sh "experiments_exclude_updated.json" "../preprocessed/allen_template_inputs/oh_connectome_rgn_numbers_ccfv3.txt"	2026-01-23 20:31:51,691 allensdk.api.api.retrieve_file_over_http INFO     Downloading URL: http://api.brain-map.org/grid_data/download_file/180074890?image=data_mask&resolution=100
./rebuild_oh_connectome.sh "experiments_exclude_updated.json" "../preprocessed/allen_template_inputs/oh_connectome_rgn_numbers_ccfv3.txt"	INFO:allensdk.api.api.retrieve_file_over_http:Downloading URL: http://api.brain-map.org/grid_data/download_file/180074890?image=data_mask&resolution=100
./rebuild_oh_connectome.sh "experiments_exclude_updated.json" "../preprocessed/allen_template_inputs/oh_connectome_rgn_numbers_ccfv3.txt"	DEBUG:urllib3.connectionpool:Starting new HTTP connection (1): api.brain-map.org:80
./rebuild_oh_connectome.sh "experiments_exclude_updated.json" "../preprocessed/allen_template_inputs/oh_connectome_rgn_numbers_ccfv3.txt"	DEBUG:urllib3.connectionpool:http://api.brain-map.org:80 "GET /grid_data/download_file/180074890?image=data_mask&resolution=100 HTTP/1.1" 200 27706
./rebuild_oh_connectome.sh "experiments_exclude_updated.json" "../preprocessed/allen_template_inputs/oh_connectome_rgn_numbers_ccfv3.txt"	2026-01-23 20:31:52,541 allensdk.api.api.retrieve_file_over_http INFO     Downloading URL: http://api.brain-map.org/grid_data/download_file/180074890?image=injection_density&resolution=100
./rebuild_oh_connectome.sh "experiments_exclude_updated.json" "../preprocessed/allen_template_inputs/oh_connectome_rgn_numbers_ccfv3.txt"	INFO:allensdk.api.api.retrieve_file_over_http:Downloading URL: http://api.brain-map.org/grid_data/download_file/180074890?image=injection_density&resolution=100
./rebuild_oh_connectome.sh "experiments_exclude_updated.json" "../preprocessed/allen_template_inputs/oh_connectome_rgn_numbers_ccfv3.txt"	DEBUG:urllib3.connectionpool:Starting new HTTP connection (1): api.brain-map.org:80
./rebuild_oh_connectome.sh "experiments_exclude_updated.json" "../preprocessed/allen_template_inputs/oh_connectome_rgn_numbers_ccfv3.txt"	DEBUG:urllib3.connectionpool:http://api.brain-map.org:80 "GET /grid_data/download_file/180074890?image=injection_density&resolution=100 HTTP/1.1" 200 8037
./rebuild_oh_connectome.sh "experiments_exclude_updated.json" "../preprocessed/allen_template_inputs/oh_connectome_rgn_numbers_ccfv3.txt"	2026-01-23 20:31:52,752 allensdk.api.api.retrieve_file_over_http INFO     Downloading URL: http://api.brain-map.org/grid_data/download_file/180074890?image=injection_fraction&resolution=100
./rebuild_oh_connectome.sh "experiments_exclude_updated.json" "../preprocessed/allen_template_inputs/oh_connectome_rgn_numbers_ccfv3.txt"	INFO:allensdk.api.api.retrieve_file_over_http:Downloading URL: http://api.brain-map.org/grid_data/download_file/180074890?image=injection_fraction&resolution=100
./rebuild_oh_connectome.sh "experiments_exclude_updated.json" "../preprocessed/allen_template_inputs/oh_connectome_rgn_numbers_ccfv3.txt"	DEBUG:urllib3.connectionpool:Starting new HTTP connection (1): api.brain-map.org:80
./rebuild_oh_connectome.sh "experiments_exclude_updated.json" "../preprocessed/allen_template_inputs/oh_connectome_rgn_numbers_ccfv3.txt"	DEBUG:urllib3.connectionpool:http://api.brain-map.org:80 "GET /grid_data/download_file/180074890?image=injection_fraction&resolution=100 HTTP/1.1" 200 7981
./rebuild_oh_connectome.sh "experiments_exclude_updated.json" "../preprocessed/allen_template_inputs/oh_connectome_rgn_numbers_ccfv3.txt"	2026-01-23 20:31:53,181 allensdk.api.api.retrieve_file_over_http INFO     Downloading URL: http://api.brain-map.org/grid_data/download_file/180074890?image=projection_density&resolution=100
./rebuild_oh_connectome.sh "experiments_exclude_updated.json" "../preprocessed/allen_template_inputs/oh_connectome_rgn_numbers_ccfv3.txt"	INFO:allensdk.api.api.retrieve_file_over_http:Downloading URL: http://api.brain-map.org/grid_data/download_file/180074890?image=projection_density&resolution=100
./rebuild_oh_connectome.sh "experiments_exclude_updated.json" "../preprocessed/allen_template_inputs/oh_connectome_rgn_numbers_ccfv3.txt"	DEBUG:urllib3.connectionpool:Starting new HTTP connection (1): api.brain-map.org:80
./rebuild_oh_connectome.sh "experiments_exclude_updated.json" "../preprocessed/allen_template_inputs/oh_connectome_rgn_numbers_ccfv3.txt"	DEBUG:urllib3.connectionpool:http://api.brain-map.org:80 "GET /grid_data/download_file/180074890?image=projection_density&resolution=100 HTTP/1.1" 200 1070513
./rebuild_oh_connectome.sh "experiments_exclude_updated.json" "../preprocessed/allen_template_inputs/oh_connectome_rgn_numbers_ccfv3.txt"	2026-01-23 20:32:15,908 allensdk.api.api.retrieve_file_over_http INFO     Downloading URL: http://api.brain-map.org/grid_data/download_file/127091083?image=data_mask&resolution=100
./rebuild_oh_connectome.sh "experiments_exclude_updated.json" "../preprocessed/allen_template_inputs/oh_connectome_rgn_numbers_ccfv3.txt"	INFO:allensdk.api.api.retrieve_file_over_http:Downloading URL: http://api.brain-map.org/grid_data/download_file/127091083?image=data_mask&resolution=100
./rebuild_oh_connectome.sh "experiments_exclude_updated.json" "../preprocessed/allen_template_inputs/oh_connectome_rgn_numbers_ccfv3.txt"	DEBUG:urllib3.connectionpool:Starting new HTTP connection (1): api.brain-map.org:80
./rebuild_oh_connectome.sh "experiments_exclude_updated.json" "../preprocessed/allen_template_inputs/oh_connectome_rgn_numbers_ccfv3.txt"	DEBUG:urllib3.connectionpool:http://api.brain-map.org:80 "GET /grid_data/download_file/127091083?image=data_mask&resolution=100 HTTP/1.1" 200 73770
./rebuild_oh_connectome.sh "experiments_exclude_updated.json" "../preprocessed/allen_template_inputs/oh_connectome_rgn_numbers_ccfv3.txt"	2026-01-23 20:32:17,767 allensdk.api.api.retrieve_file_over_http INFO     Downloading URL: http://api.brain-map.org/grid_data/download_file/127091083?image=injection_density&resolution=100
./rebuild_oh_connectome.sh "experiments_exclude_updated.json" "../preprocessed/allen_template_inputs/oh_connectome_rgn_numbers_ccfv3.txt"	INFO:allensdk.api.api.retrieve_file_over_http:Downloading URL: http://api.brain-map.org/grid_data/download_file/127091083?image=injection_density&resolution=100
./rebuild_oh_connectome.sh "experiments_exclude_updated.json" "../preprocessed/allen_template_inputs/oh_connectome_rgn_numbers_ccfv3.txt"	DEBUG:urllib3.connectionpool:Starting new HTTP connection (1): api.brain-map.org:80
./rebuild_oh_connectome.sh "experiments_exclude_updated.json" "../preprocessed/allen_template_inputs/oh_connectome_rgn_numbers_ccfv3.txt"	DEBUG:urllib3.connectionpool:http://api.brain-map.org:80 "GET /grid_data/download_file/127091083?image=injection_density&resolution=100 HTTP/1.1" 200 9406
./rebuild_oh_connectome.sh "experiments_exclude_updated.json" "../preprocessed/allen_template_inputs/oh_connectome_rgn_numbers_ccfv3.txt"	2026-01-23 20:32:18,539 allensdk.api.api.retrieve_file_over_http INFO     Downloading URL: http://api.brain-map.org/grid_data/download_file/127091083?image=injection_fraction&resolution=100
./rebuild_oh_connectome.sh "experiments_exclude_updated.json" "../preprocessed/allen_template_inputs/oh_connectome_rgn_numbers_ccfv3.txt"	INFO:allensdk.api.api.retrieve_file_over_http:Downloading URL: http://api.brain-map.org/grid_data/download_file/127091083?image=injection_fraction&resolution=100
./rebuild_oh_connectome.sh "experiments_exclude_updated.json" "../preprocessed/allen_template_inputs/oh_connectome_rgn_numbers_ccfv3.txt"	DEBUG:urllib3.connectionpool:Starting new HTTP connection (1): api.brain-map.org:80
./rebuild_oh_connectome.sh "experiments_exclude_updated.json" "../preprocessed/allen_template_inputs/oh_connectome_rgn_numbers_ccfv3.txt"	DEBUG:urllib3.connectionpool:http://api.brain-map.org:80 "GET /grid_data/download_file/127091083?image=injection_fraction&resolution=100 HTTP/1.1" 200 9297
./rebuild_oh_connectome.sh "experiments_exclude_updated.json" "../preprocessed/allen_template_inputs/oh_connectome_rgn_numbers_ccfv3.txt"	2026-01-23 20:32:18,984 allensdk.api.api.retrieve_file_over_http INFO     Downloading URL: http://api.brain-map.org/grid_data/download_file/127091083?image=projection_density&resolution=100
./rebuild_oh_connectome.sh "experiments_exclude_updated.json" "../preprocessed/allen_template_inputs/oh_connectome_rgn_numbers_ccfv3.txt"	INFO:allensdk.api.api.retrieve_file_over_http:Downloading URL: http://api.brain-map.org/grid_data/download_file/127091083?image=projection_density&resolution=100
./rebuild_oh_connectome.sh "experiments_exclude_updated.json" "../preprocessed/allen_template_inputs/oh_connectome_rgn_numbers_ccfv3.txt"	DEBUG:urllib3.connectionpool:Starting new HTTP connection (1): api.brain-map.org:80
./rebuild_oh_connectome.sh "experiments_exclude_updated.json" "../preprocessed/allen_template_inputs/oh_connectome_rgn_numbers_ccfv3.txt"	DEBUG:urllib3.connectionpool:http://api.brain-map.org:80 "GET /grid_data/download_file/127091083?image=projection_density&resolution=100 HTTP/1.1" 200 452497
./rebuild_oh_connectome.sh "experiments_exclude_updated.json" "../preprocessed/allen_template_inputs/oh_connectome_rgn_numbers_ccfv3.txt"	2026-01-23 20:32:32,139 allensdk.api.api.retrieve_file_over_http INFO     Downloading URL: http://api.brain-map.org/grid_data/download_file/100141454?image=data_mask&resolution=100
./rebuild_oh_connectome.sh "experiments_exclude_updated.json" "../preprocessed/allen_template_inputs/oh_connectome_rgn_numbers_ccfv3.txt"	INFO:allensdk.api.api.retrieve_file_over_http:Downloading URL: http://api.brain-map.org/grid_data/download_file/100141454?image=data_mask&resolution=100
./rebuild_oh_connectome.sh "experiments_exclude_updated.json" "../preprocessed/allen_template_inputs/oh_connectome_rgn_numbers_ccfv3.txt"	DEBUG:urllib3.connectionpool:Starting new HTTP connection (1): api.brain-map.org:80
./rebuild_oh_connectome.sh "experiments_exclude_updated.json" "../preprocessed/allen_template_inputs/oh_connectome_rgn_numbers_ccfv3.txt"	DEBUG:urllib3.connectionpool:http://api.brain-map.org:80 "GET /grid_data/download_file/100141454?image=data_mask&resolution=100 HTTP/1.1" 200 24885
./rebuild_oh_connectome.sh "experiments_exclude_updated.json" "../preprocessed/allen_template_inputs/oh_connectome_rgn_numbers_ccfv3.txt"	2026-01-23 20:32:32,739 allensdk.api.api.retrieve_file_over_http INFO     Downloading URL: http://api.brain-map.org/grid_data/download_file/100141454?image=injection_density&resolution=100
./rebuild_oh_connectome.sh "experiments_exclude_updated.json" "../preprocessed/allen_template_inputs/oh_connectome_rgn_numbers_ccfv3.txt"	INFO:allensdk.api.api.retrieve_file_over_http:Downloading URL: http://api.brain-map.org/grid_data/download_file/100141454?image=injection_density&resolution=100
./rebuild_oh_connectome.sh "experiments_exclude_updated.json" "../preprocessed/allen_template_inputs/oh_connectome_rgn_numbers_ccfv3.txt"	DEBUG:urllib3.connectionpool:Starting new HTTP connection (1): api.brain-map.org:80
./rebuild_oh_connectome.sh "experiments_exclude_updated.json" "../preprocessed/allen_template_inputs/oh_connectome_rgn_numbers_ccfv3.txt"	DEBUG:urllib3.connectionpool:http://api.brain-map.org:80 "GET /grid_data/download_file/100141454?image=injection_density&resolution=100 HTTP/1.1" 200 6362
./rebuild_oh_connectome.sh "experiments_exclude_updated.json" "../preprocessed/allen_template_inputs/oh_connectome_rgn_numbers_ccfv3.txt"	2026-01-23 20:32:32,951 allensdk.api.api.retrieve_file_over_http INFO     Downloading URL: http://api.brain-map.org/grid_data/download_file/100141454?image=injection_fraction&resolution=100
./rebuild_oh_connectome.sh "experiments_exclude_updated.json" "../preprocessed/allen_template_inputs/oh_connectome_rgn_numbers_ccfv3.txt"	INFO:allensdk.api.api.retrieve_file_over_http:Downloading URL: http://api.brain-map.org/grid_data/download_file/100141454?image=injection_fraction&resolution=100
./rebuild_oh_connectome.sh "experiments_exclude_updated.json" "../preprocessed/allen_template_inputs/oh_connectome_rgn_numbers_ccfv3.txt"	DEBUG:urllib3.connectionpool:Starting new HTTP connection (1): api.brain-map.org:80
./rebuild_oh_connectome.sh "experiments_exclude_updated.json" "../preprocessed/allen_template_inputs/oh_connectome_rgn_numbers_ccfv3.txt"	DEBUG:urllib3.connectionpool:http://api.brain-map.org:80 "GET /grid_data/download_file/100141454?image=injection_fraction&resolution=100 HTTP/1.1" 200 6365
./rebuild_oh_connectome.sh "experiments_exclude_updated.json" "../preprocessed/allen_template_inputs/oh_connectome_rgn_numbers_ccfv3.txt"	2026-01-23 20:32:33,366 allensdk.api.api.retrieve_file_over_http INFO     Downloading URL: http://api.brain-map.org/grid_data/download_file/100141454?image=projection_density&resolution=100
./rebuild_oh_connectome.sh "experiments_exclude_updated.json" "../preprocessed/allen_template_inputs/oh_connectome_rgn_numbers_ccfv3.txt"	INFO:allensdk.api.api.retrieve_file_over_http:Downloading URL: http://api.brain-map.org/grid_data/download_file/100141454?image=projection_density&resolution=100
./rebuild_oh_connectome.sh "experiments_exclude_updated.json" "../preprocessed/allen_template_inputs/oh_connectome_rgn_numbers_ccfv3.txt"	DEBUG:urllib3.connectionpool:Starting new HTTP connection (1): api.brain-map.org:80
./rebuild_oh_connectome.sh "experiments_exclude_updated.json" "../preprocessed/allen_template_inputs/oh_connectome_rgn_numbers_ccfv3.txt"	DEBUG:urllib3.connectionpool:http://api.brain-map.org:80 "GET /grid_data/download_file/100141454?image=projection_density&resolution=100 HTTP/1.1" 200 657333
./rebuild_oh_connectome.sh "experiments_exclude_updated.json" "../preprocessed/allen_template_inputs/oh_connectome_rgn_numbers_ccfv3.txt"	2026-01-23 20:32:48,279 allensdk.api.api.retrieve_file_over_http INFO     Downloading URL: http://api.brain-map.org/grid_data/download_file/100141473?image=data_mask&resolution=100
./rebuild_oh_connectome.sh "experiments_exclude_updated.json" "../preprocessed/allen_template_inputs/oh_connectome_rgn_numbers_ccfv3.txt"	INFO:allensdk.api.api.retrieve_file_over_http:Downloading URL: http://api.brain-map.org/grid_data/download_file/100141473?image=data_mask&resolution=100
./rebuild_oh_connectome.sh "experiments_exclude_updated.json" "../preprocessed/allen_template_inputs/oh_connectome_rgn_numbers_ccfv3.txt"	DEBUG:urllib3.connectionpool:Starting new HTTP connection (1): api.brain-map.org:80
./rebuild_oh_connectome.sh "experiments_exclude_updated.json" "../preprocessed/allen_template_inputs/oh_connectome_rgn_numbers_ccfv3.txt"	DEBUG:urllib3.connectionpool:http://api.brain-map.org:80 "GET /grid_data/download_file/100141473?image=data_mask&resolution=100 HTTP/1.1" 200 71049
./rebuild_oh_connectome.sh "experiments_exclude_updated.json" "../preprocessed/allen_template_inputs/oh_connectome_rgn_numbers_ccfv3.txt"	2026-01-23 20:32:49,129 allensdk.api.api.retrieve_file_over_http INFO     Downloading URL: http://api.brain-map.org/grid_data/download_file/100141473?image=injection_density&resolution=100
./rebuild_oh_connectome.sh "experiments_exclude_updated.json" "../preprocessed/allen_template_inputs/oh_connectome_rgn_numbers_ccfv3.txt"	INFO:allensdk.api.api.retrieve_file_over_http:Downloading URL: http://api.brain-map.org/grid_data/download_file/100141473?image=injection_density&resolution=100
./rebuild_oh_connectome.sh "experiments_exclude_updated.json" "../preprocessed/allen_template_inputs/oh_connectome_rgn_numbers_ccfv3.txt"	DEBUG:urllib3.connectionpool:Starting new HTTP connection (1): api.brain-map.org:80
./rebuild_oh_connectome.sh "experiments_exclude_updated.json" "../preprocessed/allen_template_inputs/oh_connectome_rgn_numbers_ccfv3.txt"	DEBUG:urllib3.connectionpool:http://api.brain-map.org:80 "GET /grid_data/download_file/100141473?image=injection_density&resolution=100 HTTP/1.1" 200 6942
./rebuild_oh_connectome.sh "experiments_exclude_updated.json" "../preprocessed/allen_template_inputs/oh_connectome_rgn_numbers_ccfv3.txt"	2026-01-23 20:32:49,344 allensdk.api.api.retrieve_file_over_http INFO     Downloading URL: http://api.brain-map.org/grid_data/download_file/100141473?image=injection_fraction&resolution=100
./rebuild_oh_connectome.sh "experiments_exclude_updated.json" "../preprocessed/allen_template_inputs/oh_connectome_rgn_numbers_ccfv3.txt"	INFO:allensdk.api.api.retrieve_file_over_http:Downloading URL: http://api.brain-map.org/grid_data/download_file/100141473?image=injection_fraction&resolution=100
./rebuild_oh_connectome.sh "experiments_exclude_updated.json" "../preprocessed/allen_template_inputs/oh_connectome_rgn_numbers_ccfv3.txt"	DEBUG:urllib3.connectionpool:Starting new HTTP connection (1): api.brain-map.org:80
./rebuild_oh_connectome.sh "experiments_exclude_updated.json" "../preprocessed/allen_template_inputs/oh_connectome_rgn_numbers_ccfv3.txt"	DEBUG:urllib3.connectionpool:http://api.brain-map.org:80 "GET /grid_data/download_file/100141473?image=injection_fraction&resolution=100 HTTP/1.1" 200 6945
./rebuild_oh_connectome.sh "experiments_exclude_updated.json" "../preprocessed/allen_template_inputs/oh_connectome_rgn_numbers_ccfv3.txt"	2026-01-23 20:32:49,901 allensdk.api.api.retrieve_file_over_http INFO     Downloading URL: http://api.brain-map.org/grid_data/download_file/100141473?image=projection_density&resolution=100
./rebuild_oh_connectome.sh "experiments_exclude_updated.json" "../preprocessed/allen_template_inputs/oh_connectome_rgn_numbers_ccfv3.txt"	INFO:allensdk.api.api.retrieve_file_over_http:Downloading URL: http://api.brain-map.org/grid_data/download_file/100141473?image=projection_density&resolution=100
./rebuild_oh_connectome.sh "experiments_exclude_updated.json" "../preprocessed/allen_template_inputs/oh_connectome_rgn_numbers_ccfv3.txt"	DEBUG:urllib3.connectionpool:Starting new HTTP connection (1): api.brain-map.org:80
./rebuild_oh_connectome.sh "experiments_exclude_updated.json" "../preprocessed/allen_template_inputs/oh_connectome_rgn_numbers_ccfv3.txt"	DEBUG:urllib3.connectionpool:http://api.brain-map.org:80 "GET /grid_data/download_file/100141473?image=projection_density&resolution=100 HTTP/1.1" 200 474046
./rebuild_oh_connectome.sh "experiments_exclude_updated.json" "../preprocessed/allen_template_inputs/oh_connectome_rgn_numbers_ccfv3.txt"	2026-01-23 20:32:57,656 allensdk.api.api.retrieve_file_over_http INFO     Downloading URL: http://api.brain-map.org/grid_data/download_file/120811946?image=data_mask&resolution=100
./rebuild_oh_connectome.sh "experiments_exclude_updated.json" "../preprocessed/allen_template_inputs/oh_connectome_rgn_numbers_ccfv3.txt"	INFO:allensdk.api.api.retrieve_file_over_http:Downloading URL: http://api.brain-map.org/grid_data/download_file/120811946?image=data_mask&resolution=100
./rebuild_oh_connectome.sh "experiments_exclude_updated.json" "../preprocessed/allen_template_inputs/oh_connectome_rgn_numbers_ccfv3.txt"	DEBUG:urllib3.connectionpool:Starting new HTTP connection (1): api.brain-map.org:80
./rebuild_oh_connectome.sh "experiments_exclude_updated.json" "../preprocessed/allen_template_inputs/oh_connectome_rgn_numbers_ccfv3.txt"	DEBUG:urllib3.connectionpool:http://api.brain-map.org:80 "GET /grid_data/download_file/120811946?image=data_mask&resolution=100 HTTP/1.1" 200 74577
./rebuild_oh_connectome.sh "experiments_exclude_updated.json" "../preprocessed/allen_template_inputs/oh_connectome_rgn_numbers_ccfv3.txt"	2026-01-23 20:32:59,192 allensdk.api.api.retrieve_file_over_http INFO     Downloading URL: http://api.brain-map.org/grid_data/download_file/120811946?image=injection_density&resolution=100
./rebuild_oh_connectome.sh "experiments_exclude_updated.json" "../preprocessed/allen_template_inputs/oh_connectome_rgn_numbers_ccfv3.txt"	INFO:allensdk.api.api.retrieve_file_over_http:Downloading URL: http://api.brain-map.org/grid_data/download_file/120811946?image=injection_density&resolution=100
./rebuild_oh_connectome.sh "experiments_exclude_updated.json" "../preprocessed/allen_template_inputs/oh_connectome_rgn_numbers_ccfv3.txt"	DEBUG:urllib3.connectionpool:Starting new HTTP connection (1): api.brain-map.org:80
./rebuild_oh_connectome.sh "experiments_exclude_updated.json" "../preprocessed/allen_template_inputs/oh_connectome_rgn_numbers_ccfv3.txt"	DEBUG:urllib3.connectionpool:http://api.brain-map.org:80 "GET /grid_data/download_file/120811946?image=injection_density&resolution=100 HTTP/1.1" 200 8702
./rebuild_oh_connectome.sh "experiments_exclude_updated.json" "../preprocessed/allen_template_inputs/oh_connectome_rgn_numbers_ccfv3.txt"	2026-01-23 20:32:59,563 allensdk.api.api.retrieve_file_over_http INFO     Downloading URL: http://api.brain-map.org/grid_data/download_file/120811946?image=injection_fraction&resolution=100
./rebuild_oh_connectome.sh "experiments_exclude_updated.json" "../preprocessed/allen_template_inputs/oh_connectome_rgn_numbers_ccfv3.txt"	INFO:allensdk.api.api.retrieve_file_over_http:Downloading URL: http://api.brain-map.org/grid_data/download_file/120811946?image=injection_fraction&resolution=100
./rebuild_oh_connectome.sh "experiments_exclude_updated.json" "../preprocessed/allen_template_inputs/oh_connectome_rgn_numbers_ccfv3.txt"	DEBUG:urllib3.connectionpool:Starting new HTTP connection (1): api.brain-map.org:80
./rebuild_oh_connectome.sh "experiments_exclude_updated.json" "../preprocessed/allen_template_inputs/oh_connectome_rgn_numbers_ccfv3.txt"	DEBUG:urllib3.connectionpool:http://api.brain-map.org:80 "GET /grid_data/download_file/120811946?image=injection_fraction&resolution=100 HTTP/1.1" 200 8434
./rebuild_oh_connectome.sh "experiments_exclude_updated.json" "../preprocessed/allen_template_inputs/oh_connectome_rgn_numbers_ccfv3.txt"	2026-01-23 20:33:00,192 allensdk.api.api.retrieve_file_over_http INFO     Downloading URL: http://api.brain-map.org/grid_data/download_file/120811946?image=projection_density&resolution=100
./rebuild_oh_connectome.sh "experiments_exclude_updated.json" "../preprocessed/allen_template_inputs/oh_connectome_rgn_numbers_ccfv3.txt"	INFO:allensdk.api.api.retrieve_file_over_http:Downloading URL: http://api.brain-map.org/grid_data/download_file/120811946?image=projection_density&resolution=100
./rebuild_oh_connectome.sh "experiments_exclude_updated.json" "../preprocessed/allen_template_inputs/oh_connectome_rgn_numbers_ccfv3.txt"	DEBUG:urllib3.connectionpool:Starting new HTTP connection (1): api.brain-map.org:80
./rebuild_oh_connectome.sh "experiments_exclude_updated.json" "../preprocessed/allen_template_inputs/oh_connectome_rgn_numbers_ccfv3.txt"	DEBUG:urllib3.connectionpool:http://api.brain-map.org:80 "GET /grid_data/download_file/120811946?image=projection_density&resolution=100 HTTP/1.1" 200 659260
./rebuild_oh_connectome.sh "experiments_exclude_updated.json" "../preprocessed/allen_template_inputs/oh_connectome_rgn_numbers_ccfv3.txt"	2026-01-23 20:33:14,564 allensdk.api.api.retrieve_file_over_http INFO     Downloading URL: http://api.brain-map.org/grid_data/download_file/112595376?image=data_mask&resolution=100
./rebuild_oh_connectome.sh "experiments_exclude_updated.json" "../preprocessed/allen_template_inputs/oh_connectome_rgn_numbers_ccfv3.txt"	INFO:allensdk.api.api.retrieve_file_over_http:Downloading URL: http://api.brain-map.org/grid_data/download_file/112595376?image=data_mask&resolution=100
./rebuild_oh_connectome.sh "experiments_exclude_updated.json" "../preprocessed/allen_template_inputs/oh_connectome_rgn_numbers_ccfv3.txt"	DEBUG:urllib3.connectionpool:Starting new HTTP connection (1): api.brain-map.org:80
./rebuild_oh_connectome.sh "experiments_exclude_updated.json" "../preprocessed/allen_template_inputs/oh_connectome_rgn_numbers_ccfv3.txt"	DEBUG:urllib3.connectionpool:http://api.brain-map.org:80 "GET /grid_data/download_file/112595376?image=data_mask&resolution=100 HTTP/1.1" 200 43455
./rebuild_oh_connectome.sh "experiments_exclude_updated.json" "../preprocessed/allen_template_inputs/oh_connectome_rgn_numbers_ccfv3.txt"	2026-01-23 20:33:15,043 allensdk.api.api.retrieve_file_over_http INFO     Downloading URL: http://api.brain-map.org/grid_data/download_file/112595376?image=injection_density&resolution=100
./rebuild_oh_connectome.sh "experiments_exclude_updated.json" "../preprocessed/allen_template_inputs/oh_connectome_rgn_numbers_ccfv3.txt"	INFO:allensdk.api.api.retrieve_file_over_http:Downloading URL: http://api.brain-map.org/grid_data/download_file/112595376?image=injection_density&resolution=100
./rebuild_oh_connectome.sh "experiments_exclude_updated.json" "../preprocessed/allen_template_inputs/oh_connectome_rgn_numbers_ccfv3.txt"	DEBUG:urllib3.connectionpool:Starting new HTTP connection (1): api.brain-map.org:80
./rebuild_oh_connectome.sh "experiments_exclude_updated.json" "../preprocessed/allen_template_inputs/oh_connectome_rgn_numbers_ccfv3.txt"	DEBUG:urllib3.connectionpool:http://api.brain-map.org:80 "GET /grid_data/download_file/112595376?image=injection_density&resolution=100 HTTP/1.1" 200 6458
./rebuild_oh_connectome.sh "experiments_exclude_updated.json" "../preprocessed/allen_template_inputs/oh_connectome_rgn_numbers_ccfv3.txt"	2026-01-23 20:33:15,251 allensdk.api.api.retrieve_file_over_http INFO     Downloading URL: http://api.brain-map.org/grid_data/download_file/112595376?image=injection_fraction&resolution=100
./rebuild_oh_connectome.sh "experiments_exclude_updated.json" "../preprocessed/allen_template_inputs/oh_connectome_rgn_numbers_ccfv3.txt"	INFO:allensdk.api.api.retrieve_file_over_http:Downloading URL: http://api.brain-map.org/grid_data/download_file/112595376?image=injection_fraction&resolution=100
./rebuild_oh_connectome.sh "experiments_exclude_updated.json" "../preprocessed/allen_template_inputs/oh_connectome_rgn_numbers_ccfv3.txt"	DEBUG:urllib3.connectionpool:Starting new HTTP connection (1): api.brain-map.org:80
./rebuild_oh_connectome.sh "experiments_exclude_updated.json" "../preprocessed/allen_template_inputs/oh_connectome_rgn_numbers_ccfv3.txt"	DEBUG:urllib3.connectionpool:http://api.brain-map.org:80 "GET /grid_data/download_file/112595376?image=injection_fraction&resolution=100 HTTP/1.1" 200 6464
./rebuild_oh_connectome.sh "experiments_exclude_updated.json" "../preprocessed/allen_template_inputs/oh_connectome_rgn_numbers_ccfv3.txt"	2026-01-23 20:33:15,475 allensdk.api.api.retrieve_file_over_http INFO     Downloading URL: http://api.brain-map.org/grid_data/download_file/112595376?image=projection_density&resolution=100
./rebuild_oh_connectome.sh "experiments_exclude_updated.json" "../preprocessed/allen_template_inputs/oh_connectome_rgn_numbers_ccfv3.txt"	INFO:allensdk.api.api.retrieve_file_over_http:Downloading URL: http://api.brain-map.org/grid_data/download_file/112595376?image=projection_density&resolution=100
./rebuild_oh_connectome.sh "experiments_exclude_updated.json" "../preprocessed/allen_template_inputs/oh_connectome_rgn_numbers_ccfv3.txt"	DEBUG:urllib3.connectionpool:Starting new HTTP connection (1): api.brain-map.org:80
./rebuild_oh_connectome.sh "experiments_exclude_updated.json" "../preprocessed/allen_template_inputs/oh_connectome_rgn_numbers_ccfv3.txt"	DEBUG:urllib3.connectionpool:http://api.brain-map.org:80 "GET /grid_data/download_file/112595376?image=projection_density&resolution=100 HTTP/1.1" 200 388995
./rebuild_oh_connectome.sh "experiments_exclude_updated.json" "../preprocessed/allen_template_inputs/oh_connectome_rgn_numbers_ccfv3.txt"	2026-01-23 20:33:22,618 allensdk.api.api.retrieve_file_over_http INFO     Downloading URL: http://api.brain-map.org/grid_data/download_file/146553266?image=data_mask&resolution=100
./rebuild_oh_connectome.sh "experiments_exclude_updated.json" "../preprocessed/allen_template_inputs/oh_connectome_rgn_numbers_ccfv3.txt"	INFO:allensdk.api.api.retrieve_file_over_http:Downloading URL: http://api.brain-map.org/grid_data/download_file/146553266?image=data_mask&resolution=100
./rebuild_oh_connectome.sh "experiments_exclude_updated.json" "../preprocessed/allen_template_inputs/oh_connectome_rgn_numbers_ccfv3.txt"	DEBUG:urllib3.connectionpool:Starting new HTTP connection (1): api.brain-map.org:80
./rebuild_oh_connectome.sh "experiments_exclude_updated.json" "../preprocessed/allen_template_inputs/oh_connectome_rgn_numbers_ccfv3.txt"	DEBUG:urllib3.connectionpool:http://api.brain-map.org:80 "GET /grid_data/download_file/146553266?image=data_mask&resolution=100 HTTP/1.1" 200 57303
./rebuild_oh_connectome.sh "experiments_exclude_updated.json" "../preprocessed/allen_template_inputs/oh_connectome_rgn_numbers_ccfv3.txt"	2026-01-23 20:33:23,685 allensdk.api.api.retrieve_file_over_http INFO     Downloading URL: http://api.brain-map.org/grid_data/download_file/146553266?image=injection_density&resolution=100
./rebuild_oh_connectome.sh "experiments_exclude_updated.json" "../preprocessed/allen_template_inputs/oh_connectome_rgn_numbers_ccfv3.txt"	INFO:allensdk.api.api.retrieve_file_over_http:Downloading URL: http://api.brain-map.org/grid_data/download_file/146553266?image=injection_density&resolution=100
./rebuild_oh_connectome.sh "experiments_exclude_updated.json" "../preprocessed/allen_template_inputs/oh_connectome_rgn_numbers_ccfv3.txt"	DEBUG:urllib3.connectionpool:Starting new HTTP connection (1): api.brain-map.org:80
./rebuild_oh_connectome.sh "experiments_exclude_updated.json" "../preprocessed/allen_template_inputs/oh_connectome_rgn_numbers_ccfv3.txt"	DEBUG:urllib3.connectionpool:http://api.brain-map.org:80 "GET /grid_data/download_file/146553266?image=injection_density&resolution=100 HTTP/1.1" 200 6811
./rebuild_oh_connectome.sh "experiments_exclude_updated.json" "../preprocessed/allen_template_inputs/oh_connectome_rgn_numbers_ccfv3.txt"	2026-01-23 20:33:25,536 allensdk.api.api.retrieve_file_over_http INFO     Downloading URL: http://api.brain-map.org/grid_data/download_file/146553266?image=injection_fraction&resolution=100
./rebuild_oh_connectome.sh "experiments_exclude_updated.json" "../preprocessed/allen_template_inputs/oh_connectome_rgn_numbers_ccfv3.txt"	INFO:allensdk.api.api.retrieve_file_over_http:Downloading URL: http://api.brain-map.org/grid_data/download_file/146553266?image=injection_fraction&resolution=100
./rebuild_oh_connectome.sh "experiments_exclude_updated.json" "../preprocessed/allen_template_inputs/oh_connectome_rgn_numbers_ccfv3.txt"	DEBUG:urllib3.connectionpool:Starting new HTTP connection (1): api.brain-map.org:80
./rebuild_oh_connectome.sh "experiments_exclude_updated.json" "../preprocessed/allen_template_inputs/oh_connectome_rgn_numbers_ccfv3.txt"	DEBUG:urllib3.connectionpool:http://api.brain-map.org:80 "GET /grid_data/download_file/146553266?image=injection_fraction&resolution=100 HTTP/1.1" 200 6770
./rebuild_oh_connectome.sh "experiments_exclude_updated.json" "../preprocessed/allen_template_inputs/oh_connectome_rgn_numbers_ccfv3.txt"	2026-01-23 20:33:25,848 allensdk.api.api.retrieve_file_over_http INFO     Downloading URL: http://api.brain-map.org/grid_data/download_file/146553266?image=projection_density&resolution=100
./rebuild_oh_connectome.sh "experiments_exclude_updated.json" "../preprocessed/allen_template_inputs/oh_connectome_rgn_numbers_ccfv3.txt"	INFO:allensdk.api.api.retrieve_file_over_http:Downloading URL: http://api.brain-map.org/grid_data/download_file/146553266?image=projection_density&resolution=100
./rebuild_oh_connectome.sh "experiments_exclude_updated.json" "../preprocessed/allen_template_inputs/oh_connectome_rgn_numbers_ccfv3.txt"	DEBUG:urllib3.connectionpool:Starting new HTTP connection (1): api.brain-map.org:80
./rebuild_oh_connectome.sh "experiments_exclude_updated.json" "../preprocessed/allen_template_inputs/oh_connectome_rgn_numbers_ccfv3.txt"	DEBUG:urllib3.connectionpool:http://api.brain-map.org:80 "GET /grid_data/download_file/146553266?image=projection_density&resolution=100 HTTP/1.1" 200 328334
./rebuild_oh_connectome.sh "experiments_exclude_updated.json" "../preprocessed/allen_template_inputs/oh_connectome_rgn_numbers_ccfv3.txt"	2026-01-23 20:33:31,897 allensdk.api.api.retrieve_file_over_http INFO     Downloading URL: http://api.brain-map.org/grid_data/download_file/127762867?image=data_mask&resolution=100
./rebuild_oh_connectome.sh "experiments_exclude_updated.json" "../preprocessed/allen_template_inputs/oh_connectome_rgn_numbers_ccfv3.txt"	INFO:allensdk.api.api.retrieve_file_over_http:Downloading URL: http://api.brain-map.org/grid_data/download_file/127762867?image=data_mask&resolution=100
./rebuild_oh_connectome.sh "experiments_exclude_updated.json" "../preprocessed/allen_template_inputs/oh_connectome_rgn_numbers_ccfv3.txt"	DEBUG:urllib3.connectionpool:Starting new HTTP connection (1): api.brain-map.org:80
./rebuild_oh_connectome.sh "experiments_exclude_updated.json" "../preprocessed/allen_template_inputs/oh_connectome_rgn_numbers_ccfv3.txt"	DEBUG:urllib3.connectionpool:http://api.brain-map.org:80 "GET /grid_data/download_file/127762867?image=data_mask&resolution=100 HTTP/1.1" 200 31758
./rebuild_oh_connectome.sh "experiments_exclude_updated.json" "../preprocessed/allen_template_inputs/oh_connectome_rgn_numbers_ccfv3.txt"	2026-01-23 20:33:32,500 allensdk.api.api.retrieve_file_over_http INFO     Downloading URL: http://api.brain-map.org/grid_data/download_file/127762867?image=injection_density&resolution=100
./rebuild_oh_connectome.sh "experiments_exclude_updated.json" "../preprocessed/allen_template_inputs/oh_connectome_rgn_numbers_ccfv3.txt"	INFO:allensdk.api.api.retrieve_file_over_http:Downloading URL: http://api.brain-map.org/grid_data/download_file/127762867?image=injection_density&resolution=100
./rebuild_oh_connectome.sh "experiments_exclude_updated.json" "../preprocessed/allen_template_inputs/oh_connectome_rgn_numbers_ccfv3.txt"	DEBUG:urllib3.connectionpool:Starting new HTTP connection (1): api.brain-map.org:80
./rebuild_oh_connectome.sh "experiments_exclude_updated.json" "../preprocessed/allen_template_inputs/oh_connectome_rgn_numbers_ccfv3.txt"	DEBUG:urllib3.connectionpool:http://api.brain-map.org:80 "GET /grid_data/download_file/127762867?image=injection_density&resolution=100 HTTP/1.1" 200 7340
./rebuild_oh_connectome.sh "experiments_exclude_updated.json" "../preprocessed/allen_template_inputs/oh_connectome_rgn_numbers_ccfv3.txt"	2026-01-23 20:33:32,869 allensdk.api.api.retrieve_file_over_http INFO     Downloading URL: http://api.brain-map.org/grid_data/download_file/127762867?image=injection_fraction&resolution=100
./rebuild_oh_connectome.sh "experiments_exclude_updated.json" "../preprocessed/allen_template_inputs/oh_connectome_rgn_numbers_ccfv3.txt"	INFO:allensdk.api.api.retrieve_file_over_http:Downloading URL: http://api.brain-map.org/grid_data/download_file/127762867?image=injection_fraction&resolution=100
./rebuild_oh_connectome.sh "experiments_exclude_updated.json" "../preprocessed/allen_template_inputs/oh_connectome_rgn_numbers_ccfv3.txt"	DEBUG:urllib3.connectionpool:Starting new HTTP connection (1): api.brain-map.org:80
./rebuild_oh_connectome.sh "experiments_exclude_updated.json" "../preprocessed/allen_template_inputs/oh_connectome_rgn_numbers_ccfv3.txt"	DEBUG:urllib3.connectionpool:http://api.brain-map.org:80 "GET /grid_data/download_file/127762867?image=injection_fraction&resolution=100 HTTP/1.1" 200 7286
./rebuild_oh_connectome.sh "experiments_exclude_updated.json" "../preprocessed/allen_template_inputs/oh_connectome_rgn_numbers_ccfv3.txt"	2026-01-23 20:33:33,128 allensdk.api.api.retrieve_file_over_http INFO     Downloading URL: http://api.brain-map.org/grid_data/download_file/127762867?image=projection_density&resolution=100
./rebuild_oh_connectome.sh "experiments_exclude_updated.json" "../preprocessed/allen_template_inputs/oh_connectome_rgn_numbers_ccfv3.txt"	INFO:allensdk.api.api.retrieve_file_over_http:Downloading URL: http://api.brain-map.org/grid_data/download_file/127762867?image=projection_density&resolution=100
./rebuild_oh_connectome.sh "experiments_exclude_updated.json" "../preprocessed/allen_template_inputs/oh_connectome_rgn_numbers_ccfv3.txt"	DEBUG:urllib3.connectionpool:Starting new HTTP connection (1): api.brain-map.org:80
./rebuild_oh_connectome.sh "experiments_exclude_updated.json" "../preprocessed/allen_template_inputs/oh_connectome_rgn_numbers_ccfv3.txt"	DEBUG:urllib3.connectionpool:http://api.brain-map.org:80 "GET /grid_data/download_file/127762867?image=projection_density&resolution=100 HTTP/1.1" 200 440491
./rebuild_oh_connectome.sh "experiments_exclude_updated.json" "../preprocessed/allen_template_inputs/oh_connectome_rgn_numbers_ccfv3.txt"	2026-01-23 20:33:46,183 allensdk.api.api.retrieve_file_over_http INFO     Downloading URL: http://api.brain-map.org/grid_data/download_file/272916915?image=data_mask&resolution=100
./rebuild_oh_connectome.sh "experiments_exclude_updated.json" "../preprocessed/allen_template_inputs/oh_connectome_rgn_numbers_ccfv3.txt"	INFO:allensdk.api.api.retrieve_file_over_http:Downloading URL: http://api.brain-map.org/grid_data/download_file/272916915?image=data_mask&resolution=100
./rebuild_oh_connectome.sh "experiments_exclude_updated.json" "../preprocessed/allen_template_inputs/oh_connectome_rgn_numbers_ccfv3.txt"	DEBUG:urllib3.connectionpool:Starting new HTTP connection (1): api.brain-map.org:80
./rebuild_oh_connectome.sh "experiments_exclude_updated.json" "../preprocessed/allen_template_inputs/oh_connectome_rgn_numbers_ccfv3.txt"	DEBUG:urllib3.connectionpool:http://api.brain-map.org:80 "GET /grid_data/download_file/272916915?image=data_mask&resolution=100 HTTP/1.1" 200 69068
./rebuild_oh_connectome.sh "experiments_exclude_updated.json" "../preprocessed/allen_template_inputs/oh_connectome_rgn_numbers_ccfv3.txt"	2026-01-23 20:33:47,893 allensdk.api.api.retrieve_file_over_http INFO     Downloading URL: http://api.brain-map.org/grid_data/download_file/272916915?image=injection_density&resolution=100
./rebuild_oh_connectome.sh "experiments_exclude_updated.json" "../preprocessed/allen_template_inputs/oh_connectome_rgn_numbers_ccfv3.txt"	INFO:allensdk.api.api.retrieve_file_over_http:Downloading URL: http://api.brain-map.org/grid_data/download_file/272916915?image=injection_density&resolution=100
./rebuild_oh_connectome.sh "experiments_exclude_updated.json" "../preprocessed/allen_template_inputs/oh_connectome_rgn_numbers_ccfv3.txt"	DEBUG:urllib3.connectionpool:Starting new HTTP connection (1): api.brain-map.org:80
./rebuild_oh_connectome.sh "experiments_exclude_updated.json" "../preprocessed/allen_template_inputs/oh_connectome_rgn_numbers_ccfv3.txt"	DEBUG:urllib3.connectionpool:http://api.brain-map.org:80 "GET /grid_data/download_file/272916915?image=injection_density&resolution=100 HTTP/1.1" 200 6429
./rebuild_oh_connectome.sh "experiments_exclude_updated.json" "../preprocessed/allen_template_inputs/oh_connectome_rgn_numbers_ccfv3.txt"	2026-01-23 20:33:48,319 allensdk.api.api.retrieve_file_over_http INFO     Downloading URL: http://api.brain-map.org/grid_data/download_file/272916915?image=injection_fraction&resolution=100
./rebuild_oh_connectome.sh "experiments_exclude_updated.json" "../preprocessed/allen_template_inputs/oh_connectome_rgn_numbers_ccfv3.txt"	INFO:allensdk.api.api.retrieve_file_over_http:Downloading URL: http://api.brain-map.org/grid_data/download_file/272916915?image=injection_fraction&resolution=100
./rebuild_oh_connectome.sh "experiments_exclude_updated.json" "../preprocessed/allen_template_inputs/oh_connectome_rgn_numbers_ccfv3.txt"	DEBUG:urllib3.connectionpool:Starting new HTTP connection (1): api.brain-map.org:80
./rebuild_oh_connectome.sh "experiments_exclude_updated.json" "../preprocessed/allen_template_inputs/oh_connectome_rgn_numbers_ccfv3.txt"	DEBUG:urllib3.connectionpool:http://api.brain-map.org:80 "GET /grid_data/download_file/272916915?image=injection_fraction&resolution=100 HTTP/1.1" 200 6428
./rebuild_oh_connectome.sh "experiments_exclude_updated.json" "../preprocessed/allen_template_inputs/oh_connectome_rgn_numbers_ccfv3.txt"	2026-01-23 20:33:48,688 allensdk.api.api.retrieve_file_over_http INFO     Downloading URL: http://api.brain-map.org/grid_data/download_file/272916915?image=projection_density&resolution=100
./rebuild_oh_connectome.sh "experiments_exclude_updated.json" "../preprocessed/allen_template_inputs/oh_connectome_rgn_numbers_ccfv3.txt"	INFO:allensdk.api.api.retrieve_file_over_http:Downloading URL: http://api.brain-map.org/grid_data/download_file/272916915?image=projection_density&resolution=100
./rebuild_oh_connectome.sh "experiments_exclude_updated.json" "../preprocessed/allen_template_inputs/oh_connectome_rgn_numbers_ccfv3.txt"	DEBUG:urllib3.connectionpool:Starting new HTTP connection (1): api.brain-map.org:80
./rebuild_oh_connectome.sh "experiments_exclude_updated.json" "../preprocessed/allen_template_inputs/oh_connectome_rgn_numbers_ccfv3.txt"	DEBUG:urllib3.connectionpool:http://api.brain-map.org:80 "GET /grid_data/download_file/272916915?image=projection_density&resolution=100 HTTP/1.1" 200 502708
./rebuild_oh_connectome.sh "experiments_exclude_updated.json" "../preprocessed/allen_template_inputs/oh_connectome_rgn_numbers_ccfv3.txt"	2026-01-23 20:34:00,510 allensdk.api.api.retrieve_file_over_http INFO     Downloading URL: http://api.brain-map.org/grid_data/download_file/120760759?image=data_mask&resolution=100
./rebuild_oh_connectome.sh "experiments_exclude_updated.json" "../preprocessed/allen_template_inputs/oh_connectome_rgn_numbers_ccfv3.txt"	INFO:allensdk.api.api.retrieve_file_over_http:Downloading URL: http://api.brain-map.org/grid_data/download_file/120760759?image=data_mask&resolution=100
./rebuild_oh_connectome.sh "experiments_exclude_updated.json" "../preprocessed/allen_template_inputs/oh_connectome_rgn_numbers_ccfv3.txt"	DEBUG:urllib3.connectionpool:Starting new HTTP connection (1): api.brain-map.org:80
./rebuild_oh_connectome.sh "experiments_exclude_updated.json" "../preprocessed/allen_template_inputs/oh_connectome_rgn_numbers_ccfv3.txt"	DEBUG:urllib3.connectionpool:http://api.brain-map.org:80 "GET /grid_data/download_file/120760759?image=data_mask&resolution=100 HTTP/1.1" 200 25509
./rebuild_oh_connectome.sh "experiments_exclude_updated.json" "../preprocessed/allen_template_inputs/oh_connectome_rgn_numbers_ccfv3.txt"	2026-01-23 20:34:01,007 allensdk.api.api.retrieve_file_over_http INFO     Downloading URL: http://api.brain-map.org/grid_data/download_file/120760759?image=injection_density&resolution=100
./rebuild_oh_connectome.sh "experiments_exclude_updated.json" "../preprocessed/allen_template_inputs/oh_connectome_rgn_numbers_ccfv3.txt"	INFO:allensdk.api.api.retrieve_file_over_http:Downloading URL: http://api.brain-map.org/grid_data/download_file/120760759?image=injection_density&resolution=100
./rebuild_oh_connectome.sh "experiments_exclude_updated.json" "../preprocessed/allen_template_inputs/oh_connectome_rgn_numbers_ccfv3.txt"	DEBUG:urllib3.connectionpool:Starting new HTTP connection (1): api.brain-map.org:80
./rebuild_oh_connectome.sh "experiments_exclude_updated.json" "../preprocessed/allen_template_inputs/oh_connectome_rgn_numbers_ccfv3.txt"	DEBUG:urllib3.connectionpool:http://api.brain-map.org:80 "GET /grid_data/download_file/120760759?image=injection_density&resolution=100 HTTP/1.1" 200 8528
./rebuild_oh_connectome.sh "experiments_exclude_updated.json" "../preprocessed/allen_template_inputs/oh_connectome_rgn_numbers_ccfv3.txt"	2026-01-23 20:34:01,217 allensdk.api.api.retrieve_file_over_http INFO     Downloading URL: http://api.brain-map.org/grid_data/download_file/120760759?image=injection_fraction&resolution=100
./rebuild_oh_connectome.sh "experiments_exclude_updated.json" "../preprocessed/allen_template_inputs/oh_connectome_rgn_numbers_ccfv3.txt"	INFO:allensdk.api.api.retrieve_file_over_http:Downloading URL: http://api.brain-map.org/grid_data/download_file/120760759?image=injection_fraction&resolution=100
./rebuild_oh_connectome.sh "experiments_exclude_updated.json" "../preprocessed/allen_template_inputs/oh_connectome_rgn_numbers_ccfv3.txt"	DEBUG:urllib3.connectionpool:Starting new HTTP connection (1): api.brain-map.org:80
./rebuild_oh_connectome.sh "experiments_exclude_updated.json" "../preprocessed/allen_template_inputs/oh_connectome_rgn_numbers_ccfv3.txt"	DEBUG:urllib3.connectionpool:http://api.brain-map.org:80 "GET /grid_data/download_file/120760759?image=injection_fraction&resolution=100 HTTP/1.1" 200 8266
./rebuild_oh_connectome.sh "experiments_exclude_updated.json" "../preprocessed/allen_template_inputs/oh_connectome_rgn_numbers_ccfv3.txt"	2026-01-23 20:34:01,498 allensdk.api.api.retrieve_file_over_http INFO     Downloading URL: http://api.brain-map.org/grid_data/download_file/120760759?image=projection_density&resolution=100
./rebuild_oh_connectome.sh "experiments_exclude_updated.json" "../preprocessed/allen_template_inputs/oh_connectome_rgn_numbers_ccfv3.txt"	INFO:allensdk.api.api.retrieve_file_over_http:Downloading URL: http://api.brain-map.org/grid_data/download_file/120760759?image=projection_density&resolution=100
./rebuild_oh_connectome.sh "experiments_exclude_updated.json" "../preprocessed/allen_template_inputs/oh_connectome_rgn_numbers_ccfv3.txt"	DEBUG:urllib3.connectionpool:Starting new HTTP connection (1): api.brain-map.org:80
./rebuild_oh_connectome.sh "experiments_exclude_updated.json" "../preprocessed/allen_template_inputs/oh_connectome_rgn_numbers_ccfv3.txt"	DEBUG:urllib3.connectionpool:http://api.brain-map.org:80 "GET /grid_data/download_file/120760759?image=projection_density&resolution=100 HTTP/1.1" 200 326121
./rebuild_oh_connectome.sh "experiments_exclude_updated.json" "../preprocessed/allen_template_inputs/oh_connectome_rgn_numbers_ccfv3.txt"	2026-01-23 20:34:07,661 allensdk.api.api.retrieve_file_over_http INFO     Downloading URL: http://api.brain-map.org/grid_data/download_file/100141495?image=data_mask&resolution=100
./rebuild_oh_connectome.sh "experiments_exclude_updated.json" "../preprocessed/allen_template_inputs/oh_connectome_rgn_numbers_ccfv3.txt"	INFO:allensdk.api.api.retrieve_file_over_http:Downloading URL: http://api.brain-map.org/grid_data/download_file/100141495?image=data_mask&resolution=100
./rebuild_oh_connectome.sh "experiments_exclude_updated.json" "../preprocessed/allen_template_inputs/oh_connectome_rgn_numbers_ccfv3.txt"	DEBUG:urllib3.connectionpool:Starting new HTTP connection (1): api.brain-map.org:80
./rebuild_oh_connectome.sh "experiments_exclude_updated.json" "../preprocessed/allen_template_inputs/oh_connectome_rgn_numbers_ccfv3.txt"	DEBUG:urllib3.connectionpool:http://api.brain-map.org:80 "GET /grid_data/download_file/100141495?image=data_mask&resolution=100 HTTP/1.1" 200 41534
./rebuild_oh_connectome.sh "experiments_exclude_updated.json" "../preprocessed/allen_template_inputs/oh_connectome_rgn_numbers_ccfv3.txt"	2026-01-23 20:34:08,536 allensdk.api.api.retrieve_file_over_http INFO     Downloading URL: http://api.brain-map.org/grid_data/download_file/100141495?image=injection_density&resolution=100
./rebuild_oh_connectome.sh "experiments_exclude_updated.json" "../preprocessed/allen_template_inputs/oh_connectome_rgn_numbers_ccfv3.txt"	INFO:allensdk.api.api.retrieve_file_over_http:Downloading URL: http://api.brain-map.org/grid_data/download_file/100141495?image=injection_density&resolution=100
./rebuild_oh_connectome.sh "experiments_exclude_updated.json" "../preprocessed/allen_template_inputs/oh_connectome_rgn_numbers_ccfv3.txt"	DEBUG:urllib3.connectionpool:Starting new HTTP connection (1): api.brain-map.org:80
./rebuild_oh_connectome.sh "experiments_exclude_updated.json" "../preprocessed/allen_template_inputs/oh_connectome_rgn_numbers_ccfv3.txt"	DEBUG:urllib3.connectionpool:http://api.brain-map.org:80 "GET /grid_data/download_file/100141495?image=injection_density&resolution=100 HTTP/1.1" 200 6562
./rebuild_oh_connectome.sh "experiments_exclude_updated.json" "../preprocessed/allen_template_inputs/oh_connectome_rgn_numbers_ccfv3.txt"	2026-01-23 20:34:08,749 allensdk.api.api.retrieve_file_over_http INFO     Downloading URL: http://api.brain-map.org/grid_data/download_file/100141495?image=injection_fraction&resolution=100
./rebuild_oh_connectome.sh "experiments_exclude_updated.json" "../preprocessed/allen_template_inputs/oh_connectome_rgn_numbers_ccfv3.txt"	INFO:allensdk.api.api.retrieve_file_over_http:Downloading URL: http://api.brain-map.org/grid_data/download_file/100141495?image=injection_fraction&resolution=100
./rebuild_oh_connectome.sh "experiments_exclude_updated.json" "../preprocessed/allen_template_inputs/oh_connectome_rgn_numbers_ccfv3.txt"	DEBUG:urllib3.connectionpool:Starting new HTTP connection (1): api.brain-map.org:80
./rebuild_oh_connectome.sh "experiments_exclude_updated.json" "../preprocessed/allen_template_inputs/oh_connectome_rgn_numbers_ccfv3.txt"	DEBUG:urllib3.connectionpool:http://api.brain-map.org:80 "GET /grid_data/download_file/100141495?image=injection_fraction&resolution=100 HTTP/1.1" 200 6561
./rebuild_oh_connectome.sh "experiments_exclude_updated.json" "../preprocessed/allen_template_inputs/oh_connectome_rgn_numbers_ccfv3.txt"	2026-01-23 20:34:09,303 allensdk.api.api.retrieve_file_over_http INFO     Downloading URL: http://api.brain-map.org/grid_data/download_file/100141495?image=projection_density&resolution=100
./rebuild_oh_connectome.sh "experiments_exclude_updated.json" "../preprocessed/allen_template_inputs/oh_connectome_rgn_numbers_ccfv3.txt"	INFO:allensdk.api.api.retrieve_file_over_http:Downloading URL: http://api.brain-map.org/grid_data/download_file/100141495?image=projection_density&resolution=100
./rebuild_oh_connectome.sh "experiments_exclude_updated.json" "../preprocessed/allen_template_inputs/oh_connectome_rgn_numbers_ccfv3.txt"	DEBUG:urllib3.connectionpool:Starting new HTTP connection (1): api.brain-map.org:80
./rebuild_oh_connectome.sh "experiments_exclude_updated.json" "../preprocessed/allen_template_inputs/oh_connectome_rgn_numbers_ccfv3.txt"	DEBUG:urllib3.connectionpool:http://api.brain-map.org:80 "GET /grid_data/download_file/100141495?image=projection_density&resolution=100 HTTP/1.1" 200 561410
./rebuild_oh_connectome.sh "experiments_exclude_updated.json" "../preprocessed/allen_template_inputs/oh_connectome_rgn_numbers_ccfv3.txt"	2026-01-23 20:34:22,475 allensdk.api.api.retrieve_file_over_http INFO     Downloading URL: http://api.brain-map.org/grid_data/download_file/125831616?image=data_mask&resolution=100
./rebuild_oh_connectome.sh "experiments_exclude_updated.json" "../preprocessed/allen_template_inputs/oh_connectome_rgn_numbers_ccfv3.txt"	INFO:allensdk.api.api.retrieve_file_over_http:Downloading URL: http://api.brain-map.org/grid_data/download_file/125831616?image=data_mask&resolution=100
./rebuild_oh_connectome.sh "experiments_exclude_updated.json" "../preprocessed/allen_template_inputs/oh_connectome_rgn_numbers_ccfv3.txt"	DEBUG:urllib3.connectionpool:Starting new HTTP connection (1): api.brain-map.org:80
./rebuild_oh_connectome.sh "experiments_exclude_updated.json" "../preprocessed/allen_template_inputs/oh_connectome_rgn_numbers_ccfv3.txt"	DEBUG:urllib3.connectionpool:http://api.brain-map.org:80 "GET /grid_data/download_file/125831616?image=data_mask&resolution=100 HTTP/1.1" 200 22700
./rebuild_oh_connectome.sh "experiments_exclude_updated.json" "../preprocessed/allen_template_inputs/oh_connectome_rgn_numbers_ccfv3.txt"	2026-01-23 20:34:23,237 allensdk.api.api.retrieve_file_over_http INFO     Downloading URL: http://api.brain-map.org/grid_data/download_file/125831616?image=injection_density&resolution=100
./rebuild_oh_connectome.sh "experiments_exclude_updated.json" "../preprocessed/allen_template_inputs/oh_connectome_rgn_numbers_ccfv3.txt"	INFO:allensdk.api.api.retrieve_file_over_http:Downloading URL: http://api.brain-map.org/grid_data/download_file/125831616?image=injection_density&resolution=100
./rebuild_oh_connectome.sh "experiments_exclude_updated.json" "../preprocessed/allen_template_inputs/oh_connectome_rgn_numbers_ccfv3.txt"	DEBUG:urllib3.connectionpool:Starting new HTTP connection (1): api.brain-map.org:80
./rebuild_oh_connectome.sh "experiments_exclude_updated.json" "../preprocessed/allen_template_inputs/oh_connectome_rgn_numbers_ccfv3.txt"	DEBUG:urllib3.connectionpool:http://api.brain-map.org:80 "GET /grid_data/download_file/125831616?image=injection_density&resolution=100 HTTP/1.1" 200 6779
./rebuild_oh_connectome.sh "experiments_exclude_updated.json" "../preprocessed/allen_template_inputs/oh_connectome_rgn_numbers_ccfv3.txt"	2026-01-23 20:34:23,458 allensdk.api.api.retrieve_file_over_http INFO     Downloading URL: http://api.brain-map.org/grid_data/download_file/125831616?image=injection_fraction&resolution=100
./rebuild_oh_connectome.sh "experiments_exclude_updated.json" "../preprocessed/allen_template_inputs/oh_connectome_rgn_numbers_ccfv3.txt"	INFO:allensdk.api.api.retrieve_file_over_http:Downloading URL: http://api.brain-map.org/grid_data/download_file/125831616?image=injection_fraction&resolution=100
./rebuild_oh_connectome.sh "experiments_exclude_updated.json" "../preprocessed/allen_template_inputs/oh_connectome_rgn_numbers_ccfv3.txt"	DEBUG:urllib3.connectionpool:Starting new HTTP connection (1): api.brain-map.org:80
./rebuild_oh_connectome.sh "experiments_exclude_updated.json" "../preprocessed/allen_template_inputs/oh_connectome_rgn_numbers_ccfv3.txt"	DEBUG:urllib3.connectionpool:http://api.brain-map.org:80 "GET /grid_data/download_file/125831616?image=injection_fraction&resolution=100 HTTP/1.1" 200 6646
./rebuild_oh_connectome.sh "experiments_exclude_updated.json" "../preprocessed/allen_template_inputs/oh_connectome_rgn_numbers_ccfv3.txt"	2026-01-23 20:34:23,821 allensdk.api.api.retrieve_file_over_http INFO     Downloading URL: http://api.brain-map.org/grid_data/download_file/125831616?image=projection_density&resolution=100
./rebuild_oh_connectome.sh "experiments_exclude_updated.json" "../preprocessed/allen_template_inputs/oh_connectome_rgn_numbers_ccfv3.txt"	INFO:allensdk.api.api.retrieve_file_over_http:Downloading URL: http://api.brain-map.org/grid_data/download_file/125831616?image=projection_density&resolution=100
./rebuild_oh_connectome.sh "experiments_exclude_updated.json" "../preprocessed/allen_template_inputs/oh_connectome_rgn_numbers_ccfv3.txt"	DEBUG:urllib3.connectionpool:Starting new HTTP connection (1): api.brain-map.org:80
./rebuild_oh_connectome.sh "experiments_exclude_updated.json" "../preprocessed/allen_template_inputs/oh_connectome_rgn_numbers_ccfv3.txt"	DEBUG:urllib3.connectionpool:http://api.brain-map.org:80 "GET /grid_data/download_file/125831616?image=projection_density&resolution=100 HTTP/1.1" 200 95982
./rebuild_oh_connectome.sh "experiments_exclude_updated.json" "../preprocessed/allen_template_inputs/oh_connectome_rgn_numbers_ccfv3.txt"	2026-01-23 20:34:25,791 allensdk.api.api.retrieve_file_over_http INFO     Downloading URL: http://api.brain-map.org/grid_data/download_file/174361040?image=data_mask&resolution=100
./rebuild_oh_connectome.sh "experiments_exclude_updated.json" "../preprocessed/allen_template_inputs/oh_connectome_rgn_numbers_ccfv3.txt"	INFO:allensdk.api.api.retrieve_file_over_http:Downloading URL: http://api.brain-map.org/grid_data/download_file/174361040?image=data_mask&resolution=100
./rebuild_oh_connectome.sh "experiments_exclude_updated.json" "../preprocessed/allen_template_inputs/oh_connectome_rgn_numbers_ccfv3.txt"	DEBUG:urllib3.connectionpool:Starting new HTTP connection (1): api.brain-map.org:80
./rebuild_oh_connectome.sh "experiments_exclude_updated.json" "../preprocessed/allen_template_inputs/oh_connectome_rgn_numbers_ccfv3.txt"	DEBUG:urllib3.connectionpool:http://api.brain-map.org:80 "GET /grid_data/download_file/174361040?image=data_mask&resolution=100 HTTP/1.1" 200 77930
./rebuild_oh_connectome.sh "experiments_exclude_updated.json" "../preprocessed/allen_template_inputs/oh_connectome_rgn_numbers_ccfv3.txt"	2026-01-23 20:34:26,894 allensdk.api.api.retrieve_file_over_http INFO     Downloading URL: http://api.brain-map.org/grid_data/download_file/174361040?image=injection_density&resolution=100
./rebuild_oh_connectome.sh "experiments_exclude_updated.json" "../preprocessed/allen_template_inputs/oh_connectome_rgn_numbers_ccfv3.txt"	INFO:allensdk.api.api.retrieve_file_over_http:Downloading URL: http://api.brain-map.org/grid_data/download_file/174361040?image=injection_density&resolution=100
./rebuild_oh_connectome.sh "experiments_exclude_updated.json" "../preprocessed/allen_template_inputs/oh_connectome_rgn_numbers_ccfv3.txt"	DEBUG:urllib3.connectionpool:Starting new HTTP connection (1): api.brain-map.org:80
./rebuild_oh_connectome.sh "experiments_exclude_updated.json" "../preprocessed/allen_template_inputs/oh_connectome_rgn_numbers_ccfv3.txt"	DEBUG:urllib3.connectionpool:http://api.brain-map.org:80 "GET /grid_data/download_file/174361040?image=injection_density&resolution=100 HTTP/1.1" 200 6605
./rebuild_oh_connectome.sh "experiments_exclude_updated.json" "../preprocessed/allen_template_inputs/oh_connectome_rgn_numbers_ccfv3.txt"	2026-01-23 20:34:27,186 allensdk.api.api.retrieve_file_over_http INFO     Downloading URL: http://api.brain-map.org/grid_data/download_file/174361040?image=injection_fraction&resolution=100
./rebuild_oh_connectome.sh "experiments_exclude_updated.json" "../preprocessed/allen_template_inputs/oh_connectome_rgn_numbers_ccfv3.txt"	INFO:allensdk.api.api.retrieve_file_over_http:Downloading URL: http://api.brain-map.org/grid_data/download_file/174361040?image=injection_fraction&resolution=100
./rebuild_oh_connectome.sh "experiments_exclude_updated.json" "../preprocessed/allen_template_inputs/oh_connectome_rgn_numbers_ccfv3.txt"	DEBUG:urllib3.connectionpool:Starting new HTTP connection (1): api.brain-map.org:80
./rebuild_oh_connectome.sh "experiments_exclude_updated.json" "../preprocessed/allen_template_inputs/oh_connectome_rgn_numbers_ccfv3.txt"	DEBUG:urllib3.connectionpool:http://api.brain-map.org:80 "GET /grid_data/download_file/174361040?image=injection_fraction&resolution=100 HTTP/1.1" 200 6553
./rebuild_oh_connectome.sh "experiments_exclude_updated.json" "../preprocessed/allen_template_inputs/oh_connectome_rgn_numbers_ccfv3.txt"	2026-01-23 20:34:27,387 allensdk.api.api.retrieve_file_over_http INFO     Downloading URL: http://api.brain-map.org/grid_data/download_file/174361040?image=projection_density&resolution=100
./rebuild_oh_connectome.sh "experiments_exclude_updated.json" "../preprocessed/allen_template_inputs/oh_connectome_rgn_numbers_ccfv3.txt"	INFO:allensdk.api.api.retrieve_file_over_http:Downloading URL: http://api.brain-map.org/grid_data/download_file/174361040?image=projection_density&resolution=100
./rebuild_oh_connectome.sh "experiments_exclude_updated.json" "../preprocessed/allen_template_inputs/oh_connectome_rgn_numbers_ccfv3.txt"	DEBUG:urllib3.connectionpool:Starting new HTTP connection (1): api.brain-map.org:80
./rebuild_oh_connectome.sh "experiments_exclude_updated.json" "../preprocessed/allen_template_inputs/oh_connectome_rgn_numbers_ccfv3.txt"	DEBUG:urllib3.connectionpool:http://api.brain-map.org:80 "GET /grid_data/download_file/174361040?image=projection_density&resolution=100 HTTP/1.1" 200 296583
./rebuild_oh_connectome.sh "experiments_exclude_updated.json" "../preprocessed/allen_template_inputs/oh_connectome_rgn_numbers_ccfv3.txt"	2026-01-23 20:34:34,820 allensdk.api.api.retrieve_file_over_http INFO     Downloading URL: http://api.brain-map.org/grid_data/download_file/112423392?image=data_mask&resolution=100
./rebuild_oh_connectome.sh "experiments_exclude_updated.json" "../preprocessed/allen_template_inputs/oh_connectome_rgn_numbers_ccfv3.txt"	INFO:allensdk.api.api.retrieve_file_over_http:Downloading URL: http://api.brain-map.org/grid_data/download_file/112423392?image=data_mask&resolution=100
./rebuild_oh_connectome.sh "experiments_exclude_updated.json" "../preprocessed/allen_template_inputs/oh_connectome_rgn_numbers_ccfv3.txt"	DEBUG:urllib3.connectionpool:Starting new HTTP connection (1): api.brain-map.org:80
./rebuild_oh_connectome.sh "experiments_exclude_updated.json" "../preprocessed/allen_template_inputs/oh_connectome_rgn_numbers_ccfv3.txt"	DEBUG:urllib3.connectionpool:http://api.brain-map.org:80 "GET /grid_data/download_file/112423392?image=data_mask&resolution=100 HTTP/1.1" 200 95787
./rebuild_oh_connectome.sh "experiments_exclude_updated.json" "../preprocessed/allen_template_inputs/oh_connectome_rgn_numbers_ccfv3.txt"	2026-01-23 20:34:36,655 allensdk.api.api.retrieve_file_over_http INFO     Downloading URL: http://api.brain-map.org/grid_data/download_file/112423392?image=injection_density&resolution=100
./rebuild_oh_connectome.sh "experiments_exclude_updated.json" "../preprocessed/allen_template_inputs/oh_connectome_rgn_numbers_ccfv3.txt"	INFO:allensdk.api.api.retrieve_file_over_http:Downloading URL: http://api.brain-map.org/grid_data/download_file/112423392?image=injection_density&resolution=100
./rebuild_oh_connectome.sh "experiments_exclude_updated.json" "../preprocessed/allen_template_inputs/oh_connectome_rgn_numbers_ccfv3.txt"	DEBUG:urllib3.connectionpool:Starting new HTTP connection (1): api.brain-map.org:80
./rebuild_oh_connectome.sh "experiments_exclude_updated.json" "../preprocessed/allen_template_inputs/oh_connectome_rgn_numbers_ccfv3.txt"	DEBUG:urllib3.connectionpool:http://api.brain-map.org:80 "GET /grid_data/download_file/112423392?image=injection_density&resolution=100 HTTP/1.1" 200 6648
./rebuild_oh_connectome.sh "experiments_exclude_updated.json" "../preprocessed/allen_template_inputs/oh_connectome_rgn_numbers_ccfv3.txt"	2026-01-23 20:34:36,966 allensdk.api.api.retrieve_file_over_http INFO     Downloading URL: http://api.brain-map.org/grid_data/download_file/112423392?image=injection_fraction&resolution=100
./rebuild_oh_connectome.sh "experiments_exclude_updated.json" "../preprocessed/allen_template_inputs/oh_connectome_rgn_numbers_ccfv3.txt"	INFO:allensdk.api.api.retrieve_file_over_http:Downloading URL: http://api.brain-map.org/grid_data/download_file/112423392?image=injection_fraction&resolution=100
./rebuild_oh_connectome.sh "experiments_exclude_updated.json" "../preprocessed/allen_template_inputs/oh_connectome_rgn_numbers_ccfv3.txt"	DEBUG:urllib3.connectionpool:Starting new HTTP connection (1): api.brain-map.org:80
./rebuild_oh_connectome.sh "experiments_exclude_updated.json" "../preprocessed/allen_template_inputs/oh_connectome_rgn_numbers_ccfv3.txt"	DEBUG:urllib3.connectionpool:http://api.brain-map.org:80 "GET /grid_data/download_file/112423392?image=injection_fraction&resolution=100 HTTP/1.1" 200 6624
./rebuild_oh_connectome.sh "experiments_exclude_updated.json" "../preprocessed/allen_template_inputs/oh_connectome_rgn_numbers_ccfv3.txt"	2026-01-23 20:34:37,437 allensdk.api.api.retrieve_file_over_http INFO     Downloading URL: http://api.brain-map.org/grid_data/download_file/112423392?image=projection_density&resolution=100
./rebuild_oh_connectome.sh "experiments_exclude_updated.json" "../preprocessed/allen_template_inputs/oh_connectome_rgn_numbers_ccfv3.txt"	INFO:allensdk.api.api.retrieve_file_over_http:Downloading URL: http://api.brain-map.org/grid_data/download_file/112423392?image=projection_density&resolution=100
./rebuild_oh_connectome.sh "experiments_exclude_updated.json" "../preprocessed/allen_template_inputs/oh_connectome_rgn_numbers_ccfv3.txt"	DEBUG:urllib3.connectionpool:Starting new HTTP connection (1): api.brain-map.org:80
./rebuild_oh_connectome.sh "experiments_exclude_updated.json" "../preprocessed/allen_template_inputs/oh_connectome_rgn_numbers_ccfv3.txt"	DEBUG:urllib3.connectionpool:http://api.brain-map.org:80 "GET /grid_data/download_file/112423392?image=projection_density&resolution=100 HTTP/1.1" 200 761402
./rebuild_oh_connectome.sh "experiments_exclude_updated.json" "../preprocessed/allen_template_inputs/oh_connectome_rgn_numbers_ccfv3.txt"	2026-01-23 20:34:54,841 allensdk.api.api.retrieve_file_over_http INFO     Downloading URL: http://api.brain-map.org/grid_data/download_file/112167395?image=data_mask&resolution=100
./rebuild_oh_connectome.sh "experiments_exclude_updated.json" "../preprocessed/allen_template_inputs/oh_connectome_rgn_numbers_ccfv3.txt"	INFO:allensdk.api.api.retrieve_file_over_http:Downloading URL: http://api.brain-map.org/grid_data/download_file/112167395?image=data_mask&resolution=100
./rebuild_oh_connectome.sh "experiments_exclude_updated.json" "../preprocessed/allen_template_inputs/oh_connectome_rgn_numbers_ccfv3.txt"	DEBUG:urllib3.connectionpool:Starting new HTTP connection (1): api.brain-map.org:80
./rebuild_oh_connectome.sh "experiments_exclude_updated.json" "../preprocessed/allen_template_inputs/oh_connectome_rgn_numbers_ccfv3.txt"	DEBUG:urllib3.connectionpool:http://api.brain-map.org:80 "GET /grid_data/download_file/112167395?image=data_mask&resolution=100 HTTP/1.1" 200 65644
./rebuild_oh_connectome.sh "experiments_exclude_updated.json" "../preprocessed/allen_template_inputs/oh_connectome_rgn_numbers_ccfv3.txt"	2026-01-23 20:34:55,653 allensdk.api.api.retrieve_file_over_http INFO     Downloading URL: http://api.brain-map.org/grid_data/download_file/112167395?image=injection_density&resolution=100
./rebuild_oh_connectome.sh "experiments_exclude_updated.json" "../preprocessed/allen_template_inputs/oh_connectome_rgn_numbers_ccfv3.txt"	INFO:allensdk.api.api.retrieve_file_over_http:Downloading URL: http://api.brain-map.org/grid_data/download_file/112167395?image=injection_density&resolution=100
./rebuild_oh_connectome.sh "experiments_exclude_updated.json" "../preprocessed/allen_template_inputs/oh_connectome_rgn_numbers_ccfv3.txt"	DEBUG:urllib3.connectionpool:Starting new HTTP connection (1): api.brain-map.org:80
./rebuild_oh_connectome.sh "experiments_exclude_updated.json" "../preprocessed/allen_template_inputs/oh_connectome_rgn_numbers_ccfv3.txt"	DEBUG:urllib3.connectionpool:http://api.brain-map.org:80 "GET /grid_data/download_file/112167395?image=injection_density&resolution=100 HTTP/1.1" 200 5854
./rebuild_oh_connectome.sh "experiments_exclude_updated.json" "../preprocessed/allen_template_inputs/oh_connectome_rgn_numbers_ccfv3.txt"	2026-01-23 20:34:56,013 allensdk.api.api.retrieve_file_over_http INFO     Downloading URL: http://api.brain-map.org/grid_data/download_file/112167395?image=injection_fraction&resolution=100
./rebuild_oh_connectome.sh "experiments_exclude_updated.json" "../preprocessed/allen_template_inputs/oh_connectome_rgn_numbers_ccfv3.txt"	INFO:allensdk.api.api.retrieve_file_over_http:Downloading URL: http://api.brain-map.org/grid_data/download_file/112167395?image=injection_fraction&resolution=100
./rebuild_oh_connectome.sh "experiments_exclude_updated.json" "../preprocessed/allen_template_inputs/oh_connectome_rgn_numbers_ccfv3.txt"	DEBUG:urllib3.connectionpool:Starting new HTTP connection (1): api.brain-map.org:80
./rebuild_oh_connectome.sh "experiments_exclude_updated.json" "../preprocessed/allen_template_inputs/oh_connectome_rgn_numbers_ccfv3.txt"	DEBUG:urllib3.connectionpool:http://api.brain-map.org:80 "GET /grid_data/download_file/112167395?image=injection_fraction&resolution=100 HTTP/1.1" 200 5860
./rebuild_oh_connectome.sh "experiments_exclude_updated.json" "../preprocessed/allen_template_inputs/oh_connectome_rgn_numbers_ccfv3.txt"	2026-01-23 20:34:56,532 allensdk.api.api.retrieve_file_over_http INFO     Downloading URL: http://api.brain-map.org/grid_data/download_file/112167395?image=projection_density&resolution=100
./rebuild_oh_connectome.sh "experiments_exclude_updated.json" "../preprocessed/allen_template_inputs/oh_connectome_rgn_numbers_ccfv3.txt"	INFO:allensdk.api.api.retrieve_file_over_http:Downloading URL: http://api.brain-map.org/grid_data/download_file/112167395?image=projection_density&resolution=100
./rebuild_oh_connectome.sh "experiments_exclude_updated.json" "../preprocessed/allen_template_inputs/oh_connectome_rgn_numbers_ccfv3.txt"	DEBUG:urllib3.connectionpool:Starting new HTTP connection (1): api.brain-map.org:80
./rebuild_oh_connectome.sh "experiments_exclude_updated.json" "../preprocessed/allen_template_inputs/oh_connectome_rgn_numbers_ccfv3.txt"	DEBUG:urllib3.connectionpool:http://api.brain-map.org:80 "GET /grid_data/download_file/112167395?image=projection_density&resolution=100 HTTP/1.1" 200 183448
./rebuild_oh_connectome.sh "experiments_exclude_updated.json" "../preprocessed/allen_template_inputs/oh_connectome_rgn_numbers_ccfv3.txt"	2026-01-23 20:35:00,279 allensdk.api.api.retrieve_file_over_http INFO     Downloading URL: http://api.brain-map.org/grid_data/download_file/585026021?image=data_mask&resolution=100
./rebuild_oh_connectome.sh "experiments_exclude_updated.json" "../preprocessed/allen_template_inputs/oh_connectome_rgn_numbers_ccfv3.txt"	INFO:allensdk.api.api.retrieve_file_over_http:Downloading URL: http://api.brain-map.org/grid_data/download_file/585026021?image=data_mask&resolution=100
./rebuild_oh_connectome.sh "experiments_exclude_updated.json" "../preprocessed/allen_template_inputs/oh_connectome_rgn_numbers_ccfv3.txt"	DEBUG:urllib3.connectionpool:Starting new HTTP connection (1): api.brain-map.org:80
./rebuild_oh_connectome.sh "experiments_exclude_updated.json" "../preprocessed/allen_template_inputs/oh_connectome_rgn_numbers_ccfv3.txt"	DEBUG:urllib3.connectionpool:http://api.brain-map.org:80 "GET /grid_data/download_file/585026021?image=data_mask&resolution=100 HTTP/1.1" 200 71437
./rebuild_oh_connectome.sh "experiments_exclude_updated.json" "../preprocessed/allen_template_inputs/oh_connectome_rgn_numbers_ccfv3.txt"	2026-01-23 20:35:01,201 allensdk.api.api.retrieve_file_over_http INFO     Downloading URL: http://api.brain-map.org/grid_data/download_file/585026021?image=injection_density&resolution=100
./rebuild_oh_connectome.sh "experiments_exclude_updated.json" "../preprocessed/allen_template_inputs/oh_connectome_rgn_numbers_ccfv3.txt"	INFO:allensdk.api.api.retrieve_file_over_http:Downloading URL: http://api.brain-map.org/grid_data/download_file/585026021?image=injection_density&resolution=100
./rebuild_oh_connectome.sh "experiments_exclude_updated.json" "../preprocessed/allen_template_inputs/oh_connectome_rgn_numbers_ccfv3.txt"	DEBUG:urllib3.connectionpool:Starting new HTTP connection (1): api.brain-map.org:80
./rebuild_oh_connectome.sh "experiments_exclude_updated.json" "../preprocessed/allen_template_inputs/oh_connectome_rgn_numbers_ccfv3.txt"	DEBUG:urllib3.connectionpool:http://api.brain-map.org:80 "GET /grid_data/download_file/585026021?image=injection_density&resolution=100 HTTP/1.1" 200 8779
./rebuild_oh_connectome.sh "experiments_exclude_updated.json" "../preprocessed/allen_template_inputs/oh_connectome_rgn_numbers_ccfv3.txt"	2026-01-23 20:35:01,768 allensdk.api.api.retrieve_file_over_http INFO     Downloading URL: http://api.brain-map.org/grid_data/download_file/585026021?image=injection_fraction&resolution=100
./rebuild_oh_connectome.sh "experiments_exclude_updated.json" "../preprocessed/allen_template_inputs/oh_connectome_rgn_numbers_ccfv3.txt"	INFO:allensdk.api.api.retrieve_file_over_http:Downloading URL: http://api.brain-map.org/grid_data/download_file/585026021?image=injection_fraction&resolution=100
./rebuild_oh_connectome.sh "experiments_exclude_updated.json" "../preprocessed/allen_template_inputs/oh_connectome_rgn_numbers_ccfv3.txt"	DEBUG:urllib3.connectionpool:Starting new HTTP connection (1): api.brain-map.org:80
./rebuild_oh_connectome.sh "experiments_exclude_updated.json" "../preprocessed/allen_template_inputs/oh_connectome_rgn_numbers_ccfv3.txt"	DEBUG:urllib3.connectionpool:http://api.brain-map.org:80 "GET /grid_data/download_file/585026021?image=injection_fraction&resolution=100 HTTP/1.1" 200 8776
./rebuild_oh_connectome.sh "experiments_exclude_updated.json" "../preprocessed/allen_template_inputs/oh_connectome_rgn_numbers_ccfv3.txt"	2026-01-23 20:35:02,075 allensdk.api.api.retrieve_file_over_http INFO     Downloading URL: http://api.brain-map.org/grid_data/download_file/585026021?image=projection_density&resolution=100
./rebuild_oh_connectome.sh "experiments_exclude_updated.json" "../preprocessed/allen_template_inputs/oh_connectome_rgn_numbers_ccfv3.txt"	INFO:allensdk.api.api.retrieve_file_over_http:Downloading URL: http://api.brain-map.org/grid_data/download_file/585026021?image=projection_density&resolution=100
./rebuild_oh_connectome.sh "experiments_exclude_updated.json" "../preprocessed/allen_template_inputs/oh_connectome_rgn_numbers_ccfv3.txt"	DEBUG:urllib3.connectionpool:Starting new HTTP connection (1): api.brain-map.org:80
./rebuild_oh_connectome.sh "experiments_exclude_updated.json" "../preprocessed/allen_template_inputs/oh_connectome_rgn_numbers_ccfv3.txt"	DEBUG:urllib3.connectionpool:http://api.brain-map.org:80 "GET /grid_data/download_file/585026021?image=projection_density&resolution=100 HTTP/1.1" 200 491920
./rebuild_oh_connectome.sh "experiments_exclude_updated.json" "../preprocessed/allen_template_inputs/oh_connectome_rgn_numbers_ccfv3.txt"	2026-01-23 20:35:14,645 allensdk.api.api.retrieve_file_over_http INFO     Downloading URL: http://api.brain-map.org/grid_data/download_file/131068390?image=data_mask&resolution=100
./rebuild_oh_connectome.sh "experiments_exclude_updated.json" "../preprocessed/allen_template_inputs/oh_connectome_rgn_numbers_ccfv3.txt"	INFO:allensdk.api.api.retrieve_file_over_http:Downloading URL: http://api.brain-map.org/grid_data/download_file/131068390?image=data_mask&resolution=100
./rebuild_oh_connectome.sh "experiments_exclude_updated.json" "../preprocessed/allen_template_inputs/oh_connectome_rgn_numbers_ccfv3.txt"	DEBUG:urllib3.connectionpool:Starting new HTTP connection (1): api.brain-map.org:80
./rebuild_oh_connectome.sh "experiments_exclude_updated.json" "../preprocessed/allen_template_inputs/oh_connectome_rgn_numbers_ccfv3.txt"	DEBUG:urllib3.connectionpool:http://api.brain-map.org:80 "GET /grid_data/download_file/131068390?image=data_mask&resolution=100 HTTP/1.1" 200 59075
./rebuild_oh_connectome.sh "experiments_exclude_updated.json" "../preprocessed/allen_template_inputs/oh_connectome_rgn_numbers_ccfv3.txt"	2026-01-23 20:35:15,779 allensdk.api.api.retrieve_file_over_http INFO     Downloading URL: http://api.brain-map.org/grid_data/download_file/131068390?image=injection_density&resolution=100
./rebuild_oh_connectome.sh "experiments_exclude_updated.json" "../preprocessed/allen_template_inputs/oh_connectome_rgn_numbers_ccfv3.txt"	INFO:allensdk.api.api.retrieve_file_over_http:Downloading URL: http://api.brain-map.org/grid_data/download_file/131068390?image=injection_density&resolution=100
./rebuild_oh_connectome.sh "experiments_exclude_updated.json" "../preprocessed/allen_template_inputs/oh_connectome_rgn_numbers_ccfv3.txt"	DEBUG:urllib3.connectionpool:Starting new HTTP connection (1): api.brain-map.org:80
./rebuild_oh_connectome.sh "experiments_exclude_updated.json" "../preprocessed/allen_template_inputs/oh_connectome_rgn_numbers_ccfv3.txt"	DEBUG:urllib3.connectionpool:http://api.brain-map.org:80 "GET /grid_data/download_file/131068390?image=injection_density&resolution=100 HTTP/1.1" 200 7746
./rebuild_oh_connectome.sh "experiments_exclude_updated.json" "../preprocessed/allen_template_inputs/oh_connectome_rgn_numbers_ccfv3.txt"	2026-01-23 20:35:16,083 allensdk.api.api.retrieve_file_over_http INFO     Downloading URL: http://api.brain-map.org/grid_data/download_file/131068390?image=injection_fraction&resolution=100
./rebuild_oh_connectome.sh "experiments_exclude_updated.json" "../preprocessed/allen_template_inputs/oh_connectome_rgn_numbers_ccfv3.txt"	INFO:allensdk.api.api.retrieve_file_over_http:Downloading URL: http://api.brain-map.org/grid_data/download_file/131068390?image=injection_fraction&resolution=100
./rebuild_oh_connectome.sh "experiments_exclude_updated.json" "../preprocessed/allen_template_inputs/oh_connectome_rgn_numbers_ccfv3.txt"	DEBUG:urllib3.connectionpool:Starting new HTTP connection (1): api.brain-map.org:80
./rebuild_oh_connectome.sh "experiments_exclude_updated.json" "../preprocessed/allen_template_inputs/oh_connectome_rgn_numbers_ccfv3.txt"	DEBUG:urllib3.connectionpool:http://api.brain-map.org:80 "GET /grid_data/download_file/131068390?image=injection_fraction&resolution=100 HTTP/1.1" 200 7789
./rebuild_oh_connectome.sh "experiments_exclude_updated.json" "../preprocessed/allen_template_inputs/oh_connectome_rgn_numbers_ccfv3.txt"	2026-01-23 20:35:16,359 allensdk.api.api.retrieve_file_over_http INFO     Downloading URL: http://api.brain-map.org/grid_data/download_file/131068390?image=projection_density&resolution=100
./rebuild_oh_connectome.sh "experiments_exclude_updated.json" "../preprocessed/allen_template_inputs/oh_connectome_rgn_numbers_ccfv3.txt"	INFO:allensdk.api.api.retrieve_file_over_http:Downloading URL: http://api.brain-map.org/grid_data/download_file/131068390?image=projection_density&resolution=100
./rebuild_oh_connectome.sh "experiments_exclude_updated.json" "../preprocessed/allen_template_inputs/oh_connectome_rgn_numbers_ccfv3.txt"	DEBUG:urllib3.connectionpool:Starting new HTTP connection (1): api.brain-map.org:80
./rebuild_oh_connectome.sh "experiments_exclude_updated.json" "../preprocessed/allen_template_inputs/oh_connectome_rgn_numbers_ccfv3.txt"	DEBUG:urllib3.connectionpool:http://api.brain-map.org:80 "GET /grid_data/download_file/131068390?image=projection_density&resolution=100 HTTP/1.1" 200 359147
./rebuild_oh_connectome.sh "experiments_exclude_updated.json" "../preprocessed/allen_template_inputs/oh_connectome_rgn_numbers_ccfv3.txt"	2026-01-23 20:35:20,733 allensdk.api.api.retrieve_file_over_http INFO     Downloading URL: http://api.brain-map.org/grid_data/download_file/180707817?image=data_mask&resolution=100
./rebuild_oh_connectome.sh "experiments_exclude_updated.json" "../preprocessed/allen_template_inputs/oh_connectome_rgn_numbers_ccfv3.txt"	INFO:allensdk.api.api.retrieve_file_over_http:Downloading URL: http://api.brain-map.org/grid_data/download_file/180707817?image=data_mask&resolution=100
./rebuild_oh_connectome.sh "experiments_exclude_updated.json" "../preprocessed/allen_template_inputs/oh_connectome_rgn_numbers_ccfv3.txt"	DEBUG:urllib3.connectionpool:Starting new HTTP connection (1): api.brain-map.org:80
./rebuild_oh_connectome.sh "experiments_exclude_updated.json" "../preprocessed/allen_template_inputs/oh_connectome_rgn_numbers_ccfv3.txt"	DEBUG:urllib3.connectionpool:http://api.brain-map.org:80 "GET /grid_data/download_file/180707817?image=data_mask&resolution=100 HTTP/1.1" 200 55286
./rebuild_oh_connectome.sh "experiments_exclude_updated.json" "../preprocessed/allen_template_inputs/oh_connectome_rgn_numbers_ccfv3.txt"	2026-01-23 20:35:21,471 allensdk.api.api.retrieve_file_over_http INFO     Downloading URL: http://api.brain-map.org/grid_data/download_file/180707817?image=injection_density&resolution=100
./rebuild_oh_connectome.sh "experiments_exclude_updated.json" "../preprocessed/allen_template_inputs/oh_connectome_rgn_numbers_ccfv3.txt"	INFO:allensdk.api.api.retrieve_file_over_http:Downloading URL: http://api.brain-map.org/grid_data/download_file/180707817?image=injection_density&resolution=100
./rebuild_oh_connectome.sh "experiments_exclude_updated.json" "../preprocessed/allen_template_inputs/oh_connectome_rgn_numbers_ccfv3.txt"	DEBUG:urllib3.connectionpool:Starting new HTTP connection (1): api.brain-map.org:80
./rebuild_oh_connectome.sh "experiments_exclude_updated.json" "../preprocessed/allen_template_inputs/oh_connectome_rgn_numbers_ccfv3.txt"	DEBUG:urllib3.connectionpool:http://api.brain-map.org:80 "GET /grid_data/download_file/180707817?image=injection_density&resolution=100 HTTP/1.1" 200 6187
./rebuild_oh_connectome.sh "experiments_exclude_updated.json" "../preprocessed/allen_template_inputs/oh_connectome_rgn_numbers_ccfv3.txt"	2026-01-23 20:35:21,686 allensdk.api.api.retrieve_file_over_http INFO     Downloading URL: http://api.brain-map.org/grid_data/download_file/180707817?image=injection_fraction&resolution=100
./rebuild_oh_connectome.sh "experiments_exclude_updated.json" "../preprocessed/allen_template_inputs/oh_connectome_rgn_numbers_ccfv3.txt"	INFO:allensdk.api.api.retrieve_file_over_http:Downloading URL: http://api.brain-map.org/grid_data/download_file/180707817?image=injection_fraction&resolution=100
./rebuild_oh_connectome.sh "experiments_exclude_updated.json" "../preprocessed/allen_template_inputs/oh_connectome_rgn_numbers_ccfv3.txt"	DEBUG:urllib3.connectionpool:Starting new HTTP connection (1): api.brain-map.org:80
./rebuild_oh_connectome.sh "experiments_exclude_updated.json" "../preprocessed/allen_template_inputs/oh_connectome_rgn_numbers_ccfv3.txt"	DEBUG:urllib3.connectionpool:http://api.brain-map.org:80 "GET /grid_data/download_file/180707817?image=injection_fraction&resolution=100 HTTP/1.1" 200 6213
./rebuild_oh_connectome.sh "experiments_exclude_updated.json" "../preprocessed/allen_template_inputs/oh_connectome_rgn_numbers_ccfv3.txt"	2026-01-23 20:35:21,962 allensdk.api.api.retrieve_file_over_http INFO     Downloading URL: http://api.brain-map.org/grid_data/download_file/180707817?image=projection_density&resolution=100
./rebuild_oh_connectome.sh "experiments_exclude_updated.json" "../preprocessed/allen_template_inputs/oh_connectome_rgn_numbers_ccfv3.txt"	INFO:allensdk.api.api.retrieve_file_over_http:Downloading URL: http://api.brain-map.org/grid_data/download_file/180707817?image=projection_density&resolution=100
./rebuild_oh_connectome.sh "experiments_exclude_updated.json" "../preprocessed/allen_template_inputs/oh_connectome_rgn_numbers_ccfv3.txt"	DEBUG:urllib3.connectionpool:Starting new HTTP connection (1): api.brain-map.org:80
./rebuild_oh_connectome.sh "experiments_exclude_updated.json" "../preprocessed/allen_template_inputs/oh_connectome_rgn_numbers_ccfv3.txt"	DEBUG:urllib3.connectionpool:http://api.brain-map.org:80 "GET /grid_data/download_file/180707817?image=projection_density&resolution=100 HTTP/1.1" 200 200657
./rebuild_oh_connectome.sh "experiments_exclude_updated.json" "../preprocessed/allen_template_inputs/oh_connectome_rgn_numbers_ccfv3.txt"	2026-01-23 20:35:26,497 allensdk.api.api.retrieve_file_over_http INFO     Downloading URL: http://api.brain-map.org/grid_data/download_file/304564721?image=data_mask&resolution=100
./rebuild_oh_connectome.sh "experiments_exclude_updated.json" "../preprocessed/allen_template_inputs/oh_connectome_rgn_numbers_ccfv3.txt"	INFO:allensdk.api.api.retrieve_file_over_http:Downloading URL: http://api.brain-map.org/grid_data/download_file/304564721?image=data_mask&resolution=100
./rebuild_oh_connectome.sh "experiments_exclude_updated.json" "../preprocessed/allen_template_inputs/oh_connectome_rgn_numbers_ccfv3.txt"	DEBUG:urllib3.connectionpool:Starting new HTTP connection (1): api.brain-map.org:80
./rebuild_oh_connectome.sh "experiments_exclude_updated.json" "../preprocessed/allen_template_inputs/oh_connectome_rgn_numbers_ccfv3.txt"	DEBUG:urllib3.connectionpool:http://api.brain-map.org:80 "GET /grid_data/download_file/304564721?image=data_mask&resolution=100 HTTP/1.1" 200 69340
./rebuild_oh_connectome.sh "experiments_exclude_updated.json" "../preprocessed/allen_template_inputs/oh_connectome_rgn_numbers_ccfv3.txt"	2026-01-23 20:35:27,581 allensdk.api.api.retrieve_file_over_http INFO     Downloading URL: http://api.brain-map.org/grid_data/download_file/304564721?image=injection_density&resolution=100
./rebuild_oh_connectome.sh "experiments_exclude_updated.json" "../preprocessed/allen_template_inputs/oh_connectome_rgn_numbers_ccfv3.txt"	INFO:allensdk.api.api.retrieve_file_over_http:Downloading URL: http://api.brain-map.org/grid_data/download_file/304564721?image=injection_density&resolution=100
./rebuild_oh_connectome.sh "experiments_exclude_updated.json" "../preprocessed/allen_template_inputs/oh_connectome_rgn_numbers_ccfv3.txt"	DEBUG:urllib3.connectionpool:Starting new HTTP connection (1): api.brain-map.org:80
./rebuild_oh_connectome.sh "experiments_exclude_updated.json" "../preprocessed/allen_template_inputs/oh_connectome_rgn_numbers_ccfv3.txt"	DEBUG:urllib3.connectionpool:http://api.brain-map.org:80 "GET /grid_data/download_file/304564721?image=injection_density&resolution=100 HTTP/1.1" 200 6279
./rebuild_oh_connectome.sh "experiments_exclude_updated.json" "../preprocessed/allen_template_inputs/oh_connectome_rgn_numbers_ccfv3.txt"	2026-01-23 20:35:29,005 allensdk.api.api.retrieve_file_over_http INFO     Downloading URL: http://api.brain-map.org/grid_data/download_file/304564721?image=injection_fraction&resolution=100
./rebuild_oh_connectome.sh "experiments_exclude_updated.json" "../preprocessed/allen_template_inputs/oh_connectome_rgn_numbers_ccfv3.txt"	INFO:allensdk.api.api.retrieve_file_over_http:Downloading URL: http://api.brain-map.org/grid_data/download_file/304564721?image=injection_fraction&resolution=100
./rebuild_oh_connectome.sh "experiments_exclude_updated.json" "../preprocessed/allen_template_inputs/oh_connectome_rgn_numbers_ccfv3.txt"	DEBUG:urllib3.connectionpool:Starting new HTTP connection (1): api.brain-map.org:80
./rebuild_oh_connectome.sh "experiments_exclude_updated.json" "../preprocessed/allen_template_inputs/oh_connectome_rgn_numbers_ccfv3.txt"	DEBUG:urllib3.connectionpool:http://api.brain-map.org:80 "GET /grid_data/download_file/304564721?image=injection_fraction&resolution=100 HTTP/1.1" 200 6277
./rebuild_oh_connectome.sh "experiments_exclude_updated.json" "../preprocessed/allen_template_inputs/oh_connectome_rgn_numbers_ccfv3.txt"	2026-01-23 20:35:30,219 allensdk.api.api.retrieve_file_over_http INFO     Downloading URL: http://api.brain-map.org/grid_data/download_file/304564721?image=projection_density&resolution=100
./rebuild_oh_connectome.sh "experiments_exclude_updated.json" "../preprocessed/allen_template_inputs/oh_connectome_rgn_numbers_ccfv3.txt"	INFO:allensdk.api.api.retrieve_file_over_http:Downloading URL: http://api.brain-map.org/grid_data/download_file/304564721?image=projection_density&resolution=100
./rebuild_oh_connectome.sh "experiments_exclude_updated.json" "../preprocessed/allen_template_inputs/oh_connectome_rgn_numbers_ccfv3.txt"	DEBUG:urllib3.connectionpool:Starting new HTTP connection (1): api.brain-map.org:80
./rebuild_oh_connectome.sh "experiments_exclude_updated.json" "../preprocessed/allen_template_inputs/oh_connectome_rgn_numbers_ccfv3.txt"	DEBUG:urllib3.connectionpool:http://api.brain-map.org:80 "GET /grid_data/download_file/304564721?image=projection_density&resolution=100 HTTP/1.1" 200 160054
./rebuild_oh_connectome.sh "experiments_exclude_updated.json" "../preprocessed/allen_template_inputs/oh_connectome_rgn_numbers_ccfv3.txt"	2026-01-23 20:35:32,328 allensdk.api.api.retrieve_file_over_http INFO     Downloading URL: http://api.brain-map.org/grid_data/download_file/158435826?image=data_mask&resolution=100
./rebuild_oh_connectome.sh "experiments_exclude_updated.json" "../preprocessed/allen_template_inputs/oh_connectome_rgn_numbers_ccfv3.txt"	INFO:allensdk.api.api.retrieve_file_over_http:Downloading URL: http://api.brain-map.org/grid_data/download_file/158435826?image=data_mask&resolution=100
./rebuild_oh_connectome.sh "experiments_exclude_updated.json" "../preprocessed/allen_template_inputs/oh_connectome_rgn_numbers_ccfv3.txt"	DEBUG:urllib3.connectionpool:Starting new HTTP connection (1): api.brain-map.org:80
./rebuild_oh_connectome.sh "experiments_exclude_updated.json" "../preprocessed/allen_template_inputs/oh_connectome_rgn_numbers_ccfv3.txt"	DEBUG:urllib3.connectionpool:http://api.brain-map.org:80 "GET /grid_data/download_file/158435826?image=data_mask&resolution=100 HTTP/1.1" 200 69890
./rebuild_oh_connectome.sh "experiments_exclude_updated.json" "../preprocessed/allen_template_inputs/oh_connectome_rgn_numbers_ccfv3.txt"	2026-01-23 20:35:32,980 allensdk.api.api.retrieve_file_over_http INFO     Downloading URL: http://api.brain-map.org/grid_data/download_file/158435826?image=injection_density&resolution=100
./rebuild_oh_connectome.sh "experiments_exclude_updated.json" "../preprocessed/allen_template_inputs/oh_connectome_rgn_numbers_ccfv3.txt"	INFO:allensdk.api.api.retrieve_file_over_http:Downloading URL: http://api.brain-map.org/grid_data/download_file/158435826?image=injection_density&resolution=100
./rebuild_oh_connectome.sh "experiments_exclude_updated.json" "../preprocessed/allen_template_inputs/oh_connectome_rgn_numbers_ccfv3.txt"	DEBUG:urllib3.connectionpool:Starting new HTTP connection (1): api.brain-map.org:80
./rebuild_oh_connectome.sh "experiments_exclude_updated.json" "../preprocessed/allen_template_inputs/oh_connectome_rgn_numbers_ccfv3.txt"	DEBUG:urllib3.connectionpool:http://api.brain-map.org:80 "GET /grid_data/download_file/158435826?image=injection_density&resolution=100 HTTP/1.1" 200 11834
./rebuild_oh_connectome.sh "experiments_exclude_updated.json" "../preprocessed/allen_template_inputs/oh_connectome_rgn_numbers_ccfv3.txt"	2026-01-23 20:35:33,193 allensdk.api.api.retrieve_file_over_http INFO     Downloading URL: http://api.brain-map.org/grid_data/download_file/158435826?image=injection_fraction&resolution=100
./rebuild_oh_connectome.sh "experiments_exclude_updated.json" "../preprocessed/allen_template_inputs/oh_connectome_rgn_numbers_ccfv3.txt"	INFO:allensdk.api.api.retrieve_file_over_http:Downloading URL: http://api.brain-map.org/grid_data/download_file/158435826?image=injection_fraction&resolution=100
./rebuild_oh_connectome.sh "experiments_exclude_updated.json" "../preprocessed/allen_template_inputs/oh_connectome_rgn_numbers_ccfv3.txt"	DEBUG:urllib3.connectionpool:Starting new HTTP connection (1): api.brain-map.org:80
./rebuild_oh_connectome.sh "experiments_exclude_updated.json" "../preprocessed/allen_template_inputs/oh_connectome_rgn_numbers_ccfv3.txt"	DEBUG:urllib3.connectionpool:http://api.brain-map.org:80 "GET /grid_data/download_file/158435826?image=injection_fraction&resolution=100 HTTP/1.1" 200 11190
./rebuild_oh_connectome.sh "experiments_exclude_updated.json" "../preprocessed/allen_template_inputs/oh_connectome_rgn_numbers_ccfv3.txt"	2026-01-23 20:35:34,885 allensdk.api.api.retrieve_file_over_http INFO     Downloading URL: http://api.brain-map.org/grid_data/download_file/158435826?image=projection_density&resolution=100
./rebuild_oh_connectome.sh "experiments_exclude_updated.json" "../preprocessed/allen_template_inputs/oh_connectome_rgn_numbers_ccfv3.txt"	INFO:allensdk.api.api.retrieve_file_over_http:Downloading URL: http://api.brain-map.org/grid_data/download_file/158435826?image=projection_density&resolution=100
./rebuild_oh_connectome.sh "experiments_exclude_updated.json" "../preprocessed/allen_template_inputs/oh_connectome_rgn_numbers_ccfv3.txt"	DEBUG:urllib3.connectionpool:Starting new HTTP connection (1): api.brain-map.org:80
./rebuild_oh_connectome.sh "experiments_exclude_updated.json" "../preprocessed/allen_template_inputs/oh_connectome_rgn_numbers_ccfv3.txt"	2026-01-23 20:36:06,092 allensdk.api.api.retrieve_file_over_http ERROR    Couldn't retrieve file /data/chamal/projects/natvik/allen_qc_reproducible_01192026/analysis/mouse_connectivity_models/paper/connectivity/experiment_158435826/projection_density_100.nrrd from http://api.brain-map.org/grid_data/download_file/158435826?image=projection_density&resolution=100 (timeout).
./rebuild_oh_connectome.sh "experiments_exclude_updated.json" "../preprocessed/allen_template_inputs/oh_connectome_rgn_numbers_ccfv3.txt"	ERROR:allensdk.api.api.retrieve_file_over_http:Couldn't retrieve file /data/chamal/projects/natvik/allen_qc_reproducible_01192026/analysis/mouse_connectivity_models/paper/connectivity/experiment_158435826/projection_density_100.nrrd from http://api.brain-map.org/grid_data/download_file/158435826?image=projection_density&resolution=100 (timeout).
./rebuild_oh_connectome.sh "experiments_exclude_updated.json" "../preprocessed/allen_template_inputs/oh_connectome_rgn_numbers_ccfv3.txt"	Traceback (most recent call last):
./rebuild_oh_connectome.sh "experiments_exclude_updated.json" "../preprocessed/allen_template_inputs/oh_connectome_rgn_numbers_ccfv3.txt"	  File "/data/chamal/projects/natvik/allen_qc_reproducible_01192026/analysis/.venv/lib/python3.9/site-packages/urllib3/connectionpool.py", line 468, in _make_request
./rebuild_oh_connectome.sh "experiments_exclude_updated.json" "../preprocessed/allen_template_inputs/oh_connectome_rgn_numbers_ccfv3.txt"	    six.raise_from(e, None)
./rebuild_oh_connectome.sh "experiments_exclude_updated.json" "../preprocessed/allen_template_inputs/oh_connectome_rgn_numbers_ccfv3.txt"	  File "<string>", line 3, in raise_from
./rebuild_oh_connectome.sh "experiments_exclude_updated.json" "../preprocessed/allen_template_inputs/oh_connectome_rgn_numbers_ccfv3.txt"	  File "/data/chamal/projects/natvik/allen_qc_reproducible_01192026/analysis/.venv/lib/python3.9/site-packages/urllib3/connectionpool.py", line 463, in _make_request
./rebuild_oh_connectome.sh "experiments_exclude_updated.json" "../preprocessed/allen_template_inputs/oh_connectome_rgn_numbers_ccfv3.txt"	    httplib_response = conn.getresponse()
./rebuild_oh_connectome.sh "experiments_exclude_updated.json" "../preprocessed/allen_template_inputs/oh_connectome_rgn_numbers_ccfv3.txt"	  File "/home/cic/natvik/.local/share/uv/python/cpython-3.9.23-linux-x86_64-gnu/lib/python3.9/http/client.py", line 1377, in getresponse
./rebuild_oh_connectome.sh "experiments_exclude_updated.json" "../preprocessed/allen_template_inputs/oh_connectome_rgn_numbers_ccfv3.txt"	    response.begin()
./rebuild_oh_connectome.sh "experiments_exclude_updated.json" "../preprocessed/allen_template_inputs/oh_connectome_rgn_numbers_ccfv3.txt"	  File "/home/cic/natvik/.local/share/uv/python/cpython-3.9.23-linux-x86_64-gnu/lib/python3.9/http/client.py", line 320, in begin
./rebuild_oh_connectome.sh "experiments_exclude_updated.json" "../preprocessed/allen_template_inputs/oh_connectome_rgn_numbers_ccfv3.txt"	    version, status, reason = self._read_status()
./rebuild_oh_connectome.sh "experiments_exclude_updated.json" "../preprocessed/allen_template_inputs/oh_connectome_rgn_numbers_ccfv3.txt"	  File "/home/cic/natvik/.local/share/uv/python/cpython-3.9.23-linux-x86_64-gnu/lib/python3.9/http/client.py", line 281, in _read_status
./rebuild_oh_connectome.sh "experiments_exclude_updated.json" "../preprocessed/allen_template_inputs/oh_connectome_rgn_numbers_ccfv3.txt"	    line = str(self.fp.readline(_MAXLINE + 1), "iso-8859-1")
./rebuild_oh_connectome.sh "experiments_exclude_updated.json" "../preprocessed/allen_template_inputs/oh_connectome_rgn_numbers_ccfv3.txt"	  File "/home/cic/natvik/.local/share/uv/python/cpython-3.9.23-linux-x86_64-gnu/lib/python3.9/socket.py", line 716, in readinto
./rebuild_oh_connectome.sh "experiments_exclude_updated.json" "../preprocessed/allen_template_inputs/oh_connectome_rgn_numbers_ccfv3.txt"	    return self._sock.recv_into(b)
./rebuild_oh_connectome.sh "experiments_exclude_updated.json" "../preprocessed/allen_template_inputs/oh_connectome_rgn_numbers_ccfv3.txt"	socket.timeout: timed out
./rebuild_oh_connectome.sh "experiments_exclude_updated.json" "../preprocessed/allen_template_inputs/oh_connectome_rgn_numbers_ccfv3.txt"	
./rebuild_oh_connectome.sh "experiments_exclude_updated.json" "../preprocessed/allen_template_inputs/oh_connectome_rgn_numbers_ccfv3.txt"	During handling of the above exception, another exception occurred:
./rebuild_oh_connectome.sh "experiments_exclude_updated.json" "../preprocessed/allen_template_inputs/oh_connectome_rgn_numbers_ccfv3.txt"	
./rebuild_oh_connectome.sh "experiments_exclude_updated.json" "../preprocessed/allen_template_inputs/oh_connectome_rgn_numbers_ccfv3.txt"	Traceback (most recent call last):
./rebuild_oh_connectome.sh "experiments_exclude_updated.json" "../preprocessed/allen_template_inputs/oh_connectome_rgn_numbers_ccfv3.txt"	  File "/data/chamal/projects/natvik/allen_qc_reproducible_01192026/analysis/.venv/lib/python3.9/site-packages/requests/adapters.py", line 667, in send
./rebuild_oh_connectome.sh "experiments_exclude_updated.json" "../preprocessed/allen_template_inputs/oh_connectome_rgn_numbers_ccfv3.txt"	    resp = conn.urlopen(
./rebuild_oh_connectome.sh "experiments_exclude_updated.json" "../preprocessed/allen_template_inputs/oh_connectome_rgn_numbers_ccfv3.txt"	  File "/data/chamal/projects/natvik/allen_qc_reproducible_01192026/analysis/.venv/lib/python3.9/site-packages/urllib3/connectionpool.py", line 802, in urlopen
./rebuild_oh_connectome.sh "experiments_exclude_updated.json" "../preprocessed/allen_template_inputs/oh_connectome_rgn_numbers_ccfv3.txt"	    retries = retries.increment(
./rebuild_oh_connectome.sh "experiments_exclude_updated.json" "../preprocessed/allen_template_inputs/oh_connectome_rgn_numbers_ccfv3.txt"	  File "/data/chamal/projects/natvik/allen_qc_reproducible_01192026/analysis/.venv/lib/python3.9/site-packages/urllib3/util/retry.py", line 552, in increment
./rebuild_oh_connectome.sh "experiments_exclude_updated.json" "../preprocessed/allen_template_inputs/oh_connectome_rgn_numbers_ccfv3.txt"	    raise six.reraise(type(error), error, _stacktrace)
./rebuild_oh_connectome.sh "experiments_exclude_updated.json" "../preprocessed/allen_template_inputs/oh_connectome_rgn_numbers_ccfv3.txt"	  File "/data/chamal/projects/natvik/allen_qc_reproducible_01192026/analysis/.venv/lib/python3.9/site-packages/urllib3/packages/six.py", line 770, in reraise
./rebuild_oh_connectome.sh "experiments_exclude_updated.json" "../preprocessed/allen_template_inputs/oh_connectome_rgn_numbers_ccfv3.txt"	    raise value
./rebuild_oh_connectome.sh "experiments_exclude_updated.json" "../preprocessed/allen_template_inputs/oh_connectome_rgn_numbers_ccfv3.txt"	  File "/data/chamal/projects/natvik/allen_qc_reproducible_01192026/analysis/.venv/lib/python3.9/site-packages/urllib3/connectionpool.py", line 716, in urlopen
./rebuild_oh_connectome.sh "experiments_exclude_updated.json" "../preprocessed/allen_template_inputs/oh_connectome_rgn_numbers_ccfv3.txt"	    httplib_response = self._make_request(
./rebuild_oh_connectome.sh "experiments_exclude_updated.json" "../preprocessed/allen_template_inputs/oh_connectome_rgn_numbers_ccfv3.txt"	  File "/data/chamal/projects/natvik/allen_qc_reproducible_01192026/analysis/.venv/lib/python3.9/site-packages/urllib3/connectionpool.py", line 470, in _make_request
./rebuild_oh_connectome.sh "experiments_exclude_updated.json" "../preprocessed/allen_template_inputs/oh_connectome_rgn_numbers_ccfv3.txt"	    self._raise_timeout(err=e, url=url, timeout_value=read_timeout)
./rebuild_oh_connectome.sh "experiments_exclude_updated.json" "../preprocessed/allen_template_inputs/oh_connectome_rgn_numbers_ccfv3.txt"	  File "/data/chamal/projects/natvik/allen_qc_reproducible_01192026/analysis/.venv/lib/python3.9/site-packages/urllib3/connectionpool.py", line 358, in _raise_timeout
./rebuild_oh_connectome.sh "experiments_exclude_updated.json" "../preprocessed/allen_template_inputs/oh_connectome_rgn_numbers_ccfv3.txt"	    raise ReadTimeoutError(
./rebuild_oh_connectome.sh "experiments_exclude_updated.json" "../preprocessed/allen_template_inputs/oh_connectome_rgn_numbers_ccfv3.txt"	urllib3.exceptions.ReadTimeoutError: HTTPConnectionPool(host='api.brain-map.org', port=80): Read timed out. (read timeout=31.1)
./rebuild_oh_connectome.sh "experiments_exclude_updated.json" "../preprocessed/allen_template_inputs/oh_connectome_rgn_numbers_ccfv3.txt"	
./rebuild_oh_connectome.sh "experiments_exclude_updated.json" "../preprocessed/allen_template_inputs/oh_connectome_rgn_numbers_ccfv3.txt"	During handling of the above exception, another exception occurred:
./rebuild_oh_connectome.sh "experiments_exclude_updated.json" "../preprocessed/allen_template_inputs/oh_connectome_rgn_numbers_ccfv3.txt"	
./rebuild_oh_connectome.sh "experiments_exclude_updated.json" "../preprocessed/allen_template_inputs/oh_connectome_rgn_numbers_ccfv3.txt"	Traceback (most recent call last):
./rebuild_oh_connectome.sh "experiments_exclude_updated.json" "../preprocessed/allen_template_inputs/oh_connectome_rgn_numbers_ccfv3.txt"	  File "/data/chamal/projects/natvik/allen_qc_reproducible_01192026/analysis/build_homogeneous_model_new_excluded.py", line 109, in <module>
./rebuild_oh_connectome.sh "experiments_exclude_updated.json" "../preprocessed/allen_template_inputs/oh_connectome_rgn_numbers_ccfv3.txt"	    main()
./rebuild_oh_connectome.sh "experiments_exclude_updated.json" "../preprocessed/allen_template_inputs/oh_connectome_rgn_numbers_ccfv3.txt"	  File "/data/chamal/projects/natvik/allen_qc_reproducible_01192026/analysis/build_homogeneous_model_new_excluded.py", line 98, in main
./rebuild_oh_connectome.sh "experiments_exclude_updated.json" "../preprocessed/allen_template_inputs/oh_connectome_rgn_numbers_ccfv3.txt"	    model = fit(cache, rgn_list_path, **fit_kwargs)
./rebuild_oh_connectome.sh "experiments_exclude_updated.json" "../preprocessed/allen_template_inputs/oh_connectome_rgn_numbers_ccfv3.txt"	  File "/data/chamal/projects/natvik/allen_qc_reproducible_01192026/analysis/build_homogeneous_model_new_excluded.py", line 38, in fit
./rebuild_oh_connectome.sh "experiments_exclude_updated.json" "../preprocessed/allen_template_inputs/oh_connectome_rgn_numbers_ccfv3.txt"	    ipsi_data = ModelData(cache, ROOT_ID).get_regional_data(rgn_list_path,
./rebuild_oh_connectome.sh "experiments_exclude_updated.json" "../preprocessed/allen_template_inputs/oh_connectome_rgn_numbers_ccfv3.txt"	  File "/data/chamal/projects/natvik/allen_qc_reproducible_01192026/analysis/model_data_updated.py", line 69, in get_regional_data
./rebuild_oh_connectome.sh "experiments_exclude_updated.json" "../preprocessed/allen_template_inputs/oh_connectome_rgn_numbers_ccfv3.txt"	    data.get_experiment_data(experiment_ids)
./rebuild_oh_connectome.sh "experiments_exclude_updated.json" "../preprocessed/allen_template_inputs/oh_connectome_rgn_numbers_ccfv3.txt"	  File "/data/chamal/projects/natvik/allen_qc_reproducible_01192026/analysis/.venv/lib/python3.9/site-packages/mcmodels/core/base.py", line 263, in get_experiment_data
./rebuild_oh_connectome.sh "experiments_exclude_updated.json" "../preprocessed/allen_template_inputs/oh_connectome_rgn_numbers_ccfv3.txt"	    centroids, injections, projections = map(np.array, zip(*arrays))
./rebuild_oh_connectome.sh "experiments_exclude_updated.json" "../preprocessed/allen_template_inputs/oh_connectome_rgn_numbers_ccfv3.txt"	  File "/data/chamal/projects/natvik/allen_qc_reproducible_01192026/analysis/.venv/lib/python3.9/site-packages/mcmodels/core/base.py", line 112, in _experiment_generator
./rebuild_oh_connectome.sh "experiments_exclude_updated.json" "../preprocessed/allen_template_inputs/oh_connectome_rgn_numbers_ccfv3.txt"	    experiment = Experiment.from_cache(
./rebuild_oh_connectome.sh "experiments_exclude_updated.json" "../preprocessed/allen_template_inputs/oh_connectome_rgn_numbers_ccfv3.txt"	  File "/data/chamal/projects/natvik/allen_qc_reproducible_01192026/analysis/.venv/lib/python3.9/site-packages/mcmodels/core/experiment.py", line 161, in from_cache
./rebuild_oh_connectome.sh "experiments_exclude_updated.json" "../preprocessed/allen_template_inputs/oh_connectome_rgn_numbers_ccfv3.txt"	    data_volumes = _pull_grid_data(cache, experiment_id)
./rebuild_oh_connectome.sh "experiments_exclude_updated.json" "../preprocessed/allen_template_inputs/oh_connectome_rgn_numbers_ccfv3.txt"	  File "/data/chamal/projects/natvik/allen_qc_reproducible_01192026/analysis/.venv/lib/python3.9/site-packages/mcmodels/core/experiment.py", line 42, in _pull_grid_data
./rebuild_oh_connectome.sh "experiments_exclude_updated.json" "../preprocessed/allen_template_inputs/oh_connectome_rgn_numbers_ccfv3.txt"	    "projection_density" : cache.get_projection_density(experiment_id)[0]
./rebuild_oh_connectome.sh "experiments_exclude_updated.json" "../preprocessed/allen_template_inputs/oh_connectome_rgn_numbers_ccfv3.txt"	  File "/data/chamal/projects/natvik/allen_qc_reproducible_01192026/analysis/.venv/lib/python3.9/site-packages/allensdk/core/mouse_connectivity_cache.py", line 188, in get_projection_density
./rebuild_oh_connectome.sh "experiments_exclude_updated.json" "../preprocessed/allen_template_inputs/oh_connectome_rgn_numbers_ccfv3.txt"	    self.api.download_projection_density(
./rebuild_oh_connectome.sh "experiments_exclude_updated.json" "../preprocessed/allen_template_inputs/oh_connectome_rgn_numbers_ccfv3.txt"	  File "/data/chamal/projects/natvik/allen_qc_reproducible_01192026/analysis/.venv/lib/python3.9/site-packages/allensdk/api/warehouse_cache/cache.py", line 661, in w
./rebuild_oh_connectome.sh "experiments_exclude_updated.json" "../preprocessed/allen_template_inputs/oh_connectome_rgn_numbers_ccfv3.txt"	    result = Cache.cacher(func,
./rebuild_oh_connectome.sh "experiments_exclude_updated.json" "../preprocessed/allen_template_inputs/oh_connectome_rgn_numbers_ccfv3.txt"	  File "/data/chamal/projects/natvik/allen_qc_reproducible_01192026/analysis/.venv/lib/python3.9/site-packages/allensdk/api/warehouse_cache/cache.py", line 387, in cacher
./rebuild_oh_connectome.sh "experiments_exclude_updated.json" "../preprocessed/allen_template_inputs/oh_connectome_rgn_numbers_ccfv3.txt"	    data = fn(*args, **kwargs)
./rebuild_oh_connectome.sh "experiments_exclude_updated.json" "../preprocessed/allen_template_inputs/oh_connectome_rgn_numbers_ccfv3.txt"	  File "/data/chamal/projects/natvik/allen_qc_reproducible_01192026/analysis/.venv/lib/python3.9/site-packages/allensdk/api/queries/mouse_connectivity_api.py", line 457, in download_projection_density
./rebuild_oh_connectome.sh "experiments_exclude_updated.json" "../preprocessed/allen_template_inputs/oh_connectome_rgn_numbers_ccfv3.txt"	    self.download_projection_grid_data(
./rebuild_oh_connectome.sh "experiments_exclude_updated.json" "../preprocessed/allen_template_inputs/oh_connectome_rgn_numbers_ccfv3.txt"	  File "/data/chamal/projects/natvik/allen_qc_reproducible_01192026/analysis/.venv/lib/python3.9/site-packages/allensdk/api/queries/grid_data_api.py", line 175, in download_projection_grid_data
./rebuild_oh_connectome.sh "experiments_exclude_updated.json" "../preprocessed/allen_template_inputs/oh_connectome_rgn_numbers_ccfv3.txt"	    self.retrieve_file_over_http(url, save_file_path)
./rebuild_oh_connectome.sh "experiments_exclude_updated.json" "../preprocessed/allen_template_inputs/oh_connectome_rgn_numbers_ccfv3.txt"	  File "/data/chamal/projects/natvik/allen_qc_reproducible_01192026/analysis/.venv/lib/python3.9/site-packages/allensdk/api/api.py", line 323, in retrieve_file_over_http
./rebuild_oh_connectome.sh "experiments_exclude_updated.json" "../preprocessed/allen_template_inputs/oh_connectome_rgn_numbers_ccfv3.txt"	    stream_file_over_http(url, file_path)
./rebuild_oh_connectome.sh "experiments_exclude_updated.json" "../preprocessed/allen_template_inputs/oh_connectome_rgn_numbers_ccfv3.txt"	  File "/data/chamal/projects/natvik/allen_qc_reproducible_01192026/analysis/.venv/lib/python3.9/site-packages/allensdk/api/api.py", line 439, in stream_file_over_http
./rebuild_oh_connectome.sh "experiments_exclude_updated.json" "../preprocessed/allen_template_inputs/oh_connectome_rgn_numbers_ccfv3.txt"	    with closing(requests.get(url, stream=True, timeout=timeout)) as response:
./rebuild_oh_connectome.sh "experiments_exclude_updated.json" "../preprocessed/allen_template_inputs/oh_connectome_rgn_numbers_ccfv3.txt"	  File "/data/chamal/projects/natvik/allen_qc_reproducible_01192026/analysis/.venv/lib/python3.9/site-packages/requests/api.py", line 73, in get
./rebuild_oh_connectome.sh "experiments_exclude_updated.json" "../preprocessed/allen_template_inputs/oh_connectome_rgn_numbers_ccfv3.txt"	    return request("get", url, params=params, **kwargs)
./rebuild_oh_connectome.sh "experiments_exclude_updated.json" "../preprocessed/allen_template_inputs/oh_connectome_rgn_numbers_ccfv3.txt"	  File "/data/chamal/projects/natvik/allen_qc_reproducible_01192026/analysis/.venv/lib/python3.9/site-packages/requests/api.py", line 59, in request
./rebuild_oh_connectome.sh "experiments_exclude_updated.json" "../preprocessed/allen_template_inputs/oh_connectome_rgn_numbers_ccfv3.txt"	    return session.request(method=method, url=url, **kwargs)
./rebuild_oh_connectome.sh "experiments_exclude_updated.json" "../preprocessed/allen_template_inputs/oh_connectome_rgn_numbers_ccfv3.txt"	  File "/data/chamal/projects/natvik/allen_qc_reproducible_01192026/analysis/.venv/lib/python3.9/site-packages/requests/sessions.py", line 589, in request
./rebuild_oh_connectome.sh "experiments_exclude_updated.json" "../preprocessed/allen_template_inputs/oh_connectome_rgn_numbers_ccfv3.txt"	    resp = self.send(prep, **send_kwargs)
./rebuild_oh_connectome.sh "experiments_exclude_updated.json" "../preprocessed/allen_template_inputs/oh_connectome_rgn_numbers_ccfv3.txt"	  File "/data/chamal/projects/natvik/allen_qc_reproducible_01192026/analysis/.venv/lib/python3.9/site-packages/requests/sessions.py", line 703, in send
./rebuild_oh_connectome.sh "experiments_exclude_updated.json" "../preprocessed/allen_template_inputs/oh_connectome_rgn_numbers_ccfv3.txt"	    r = adapter.send(request, **kwargs)
./rebuild_oh_connectome.sh "experiments_exclude_updated.json" "../preprocessed/allen_template_inputs/oh_connectome_rgn_numbers_ccfv3.txt"	  File "/data/chamal/projects/natvik/allen_qc_reproducible_01192026/analysis/.venv/lib/python3.9/site-packages/requests/adapters.py", line 713, in send
./rebuild_oh_connectome.sh "experiments_exclude_updated.json" "../preprocessed/allen_template_inputs/oh_connectome_rgn_numbers_ccfv3.txt"	    raise ReadTimeout(e, request=request)
./rebuild_oh_connectome.sh "experiments_exclude_updated.json" "../preprocessed/allen_template_inputs/oh_connectome_rgn_numbers_ccfv3.txt"	requests.exceptions.ReadTimeout: HTTPConnectionPool(host='api.brain-map.org', port=80): Read timed out. (read timeout=31.1)
