perl: warning: Setting locale failed.
perl: warning: Please check that your locale settings:
	LANGUAGE = "en_US",
	LC_ALL = (unset),
	LANG = "en_US.UTF-8"
    are supported and installed on your system.
perl: warning: Falling back to the standard locale ("C").
perl: warning: Setting locale failed.
perl: warning: Setting locale failed.
perl: warning: Please check that your locale settings:
perl: warning: Please check that your locale settings:
	LANGUAGE = "en_US",
	LANGUAGE = "en_US",
	LC_ALL = (unset),
	LC_ALL = (unset),
	LANG = "en_US.UTF-8"
	LANG = "en_US.UTF-8"
    are supported and installed on your system.
    are supported and installed on your system.
perl: warning: Falling back to the standard locale ("C").
perl: warning: Falling back to the standard locale ("C").
perl: warning: Setting locale failed.
perl: warning: Please check that your locale settings:
	LANGUAGE = "en_US",
	LC_ALL = (unset),
	LANG = "en_US.UTF-8"
    are supported and installed on your system.
perl: warning: Falling back to the standard locale ("C").
perl: warning: Setting locale failed.
perl: warning: Please check that your locale settings:
	LANGUAGE = "en_US",
	LC_ALL = (unset),
	LANG = "en_US.UTF-8"
    are supported and installed on your system.
perl: warning: Falling back to the standard locale ("C").
./rebuild_oh_connectome.sh "experiments_exclude_updated.json" "../preprocessed/allen_template_inputs/oh_connectome_rgn_numbers_ccfv3.txt"	perl: warning: Setting locale failed.
./rebuild_oh_connectome.sh "experiments_exclude_updated.json" "../preprocessed/allen_template_inputs/oh_connectome_rgn_numbers_ccfv3.txt"	perl: warning: Please check that your locale settings:
./rebuild_oh_connectome.sh "experiments_exclude_updated.json" "../preprocessed/allen_template_inputs/oh_connectome_rgn_numbers_ccfv3.txt"		LANGUAGE = "en_US",
./rebuild_oh_connectome.sh "experiments_exclude_updated.json" "../preprocessed/allen_template_inputs/oh_connectome_rgn_numbers_ccfv3.txt"		LC_ALL = (unset),
./rebuild_oh_connectome.sh "experiments_exclude_updated.json" "../preprocessed/allen_template_inputs/oh_connectome_rgn_numbers_ccfv3.txt"		LANG = "en_US.UTF-8"
./rebuild_oh_connectome.sh "experiments_exclude_updated.json" "../preprocessed/allen_template_inputs/oh_connectome_rgn_numbers_ccfv3.txt"	    are supported and installed on your system.
./rebuild_oh_connectome.sh "experiments_exclude_updated.json" "../preprocessed/allen_template_inputs/oh_connectome_rgn_numbers_ccfv3.txt"	perl: warning: Falling back to the standard locale ("C").
./rebuild_oh_connectome.sh "experiments_exclude_updated.json" "../preprocessed/allen_template_inputs/oh_connectome_rgn_numbers_ccfv3.txt"	DEBUG:root:getting data
./rebuild_oh_connectome.sh "experiments_exclude_updated.json" "../preprocessed/allen_template_inputs/oh_connectome_rgn_numbers_ccfv3.txt"	2026-01-23 15:30:07,852 allensdk.api.api.retrieve_file_over_http INFO     Downloading URL: http://api.brain-map.org/grid_data/download_file/100141222?image=data_mask&resolution=100
./rebuild_oh_connectome.sh "experiments_exclude_updated.json" "../preprocessed/allen_template_inputs/oh_connectome_rgn_numbers_ccfv3.txt"	INFO:allensdk.api.api.retrieve_file_over_http:Downloading URL: http://api.brain-map.org/grid_data/download_file/100141222?image=data_mask&resolution=100
./rebuild_oh_connectome.sh "experiments_exclude_updated.json" "../preprocessed/allen_template_inputs/oh_connectome_rgn_numbers_ccfv3.txt"	DEBUG:urllib3.connectionpool:Starting new HTTP connection (1): api.brain-map.org:80
./rebuild_oh_connectome.sh "experiments_exclude_updated.json" "../preprocessed/allen_template_inputs/oh_connectome_rgn_numbers_ccfv3.txt"	DEBUG:urllib3.connectionpool:http://api.brain-map.org:80 "GET /grid_data/download_file/100141222?image=data_mask&resolution=100 HTTP/1.1" 200 54657
./rebuild_oh_connectome.sh "experiments_exclude_updated.json" "../preprocessed/allen_template_inputs/oh_connectome_rgn_numbers_ccfv3.txt"	2026-01-23 15:30:08,627 allensdk.api.api.retrieve_file_over_http INFO     Downloading URL: http://api.brain-map.org/grid_data/download_file/100141222?image=injection_density&resolution=100
./rebuild_oh_connectome.sh "experiments_exclude_updated.json" "../preprocessed/allen_template_inputs/oh_connectome_rgn_numbers_ccfv3.txt"	INFO:allensdk.api.api.retrieve_file_over_http:Downloading URL: http://api.brain-map.org/grid_data/download_file/100141222?image=injection_density&resolution=100
./rebuild_oh_connectome.sh "experiments_exclude_updated.json" "../preprocessed/allen_template_inputs/oh_connectome_rgn_numbers_ccfv3.txt"	DEBUG:urllib3.connectionpool:Starting new HTTP connection (1): api.brain-map.org:80
./rebuild_oh_connectome.sh "experiments_exclude_updated.json" "../preprocessed/allen_template_inputs/oh_connectome_rgn_numbers_ccfv3.txt"	DEBUG:urllib3.connectionpool:http://api.brain-map.org:80 "GET /grid_data/download_file/100141222?image=injection_density&resolution=100 HTTP/1.1" 200 8095
./rebuild_oh_connectome.sh "experiments_exclude_updated.json" "../preprocessed/allen_template_inputs/oh_connectome_rgn_numbers_ccfv3.txt"	2026-01-23 15:30:08,831 allensdk.api.api.retrieve_file_over_http INFO     Downloading URL: http://api.brain-map.org/grid_data/download_file/100141222?image=injection_fraction&resolution=100
./rebuild_oh_connectome.sh "experiments_exclude_updated.json" "../preprocessed/allen_template_inputs/oh_connectome_rgn_numbers_ccfv3.txt"	INFO:allensdk.api.api.retrieve_file_over_http:Downloading URL: http://api.brain-map.org/grid_data/download_file/100141222?image=injection_fraction&resolution=100
./rebuild_oh_connectome.sh "experiments_exclude_updated.json" "../preprocessed/allen_template_inputs/oh_connectome_rgn_numbers_ccfv3.txt"	DEBUG:urllib3.connectionpool:Starting new HTTP connection (1): api.brain-map.org:80
./rebuild_oh_connectome.sh "experiments_exclude_updated.json" "../preprocessed/allen_template_inputs/oh_connectome_rgn_numbers_ccfv3.txt"	DEBUG:urllib3.connectionpool:http://api.brain-map.org:80 "GET /grid_data/download_file/100141222?image=injection_fraction&resolution=100 HTTP/1.1" 200 7851
./rebuild_oh_connectome.sh "experiments_exclude_updated.json" "../preprocessed/allen_template_inputs/oh_connectome_rgn_numbers_ccfv3.txt"	2026-01-23 15:30:09,442 allensdk.api.api.retrieve_file_over_http INFO     Downloading URL: http://api.brain-map.org/grid_data/download_file/100141222?image=projection_density&resolution=100
./rebuild_oh_connectome.sh "experiments_exclude_updated.json" "../preprocessed/allen_template_inputs/oh_connectome_rgn_numbers_ccfv3.txt"	INFO:allensdk.api.api.retrieve_file_over_http:Downloading URL: http://api.brain-map.org/grid_data/download_file/100141222?image=projection_density&resolution=100
./rebuild_oh_connectome.sh "experiments_exclude_updated.json" "../preprocessed/allen_template_inputs/oh_connectome_rgn_numbers_ccfv3.txt"	DEBUG:urllib3.connectionpool:Starting new HTTP connection (1): api.brain-map.org:80
./rebuild_oh_connectome.sh "experiments_exclude_updated.json" "../preprocessed/allen_template_inputs/oh_connectome_rgn_numbers_ccfv3.txt"	DEBUG:urllib3.connectionpool:http://api.brain-map.org:80 "GET /grid_data/download_file/100141222?image=projection_density&resolution=100 HTTP/1.1" 200 255205
./rebuild_oh_connectome.sh "experiments_exclude_updated.json" "../preprocessed/allen_template_inputs/oh_connectome_rgn_numbers_ccfv3.txt"	2026-01-23 15:30:16,364 allensdk.api.api.retrieve_file_over_http INFO     Downloading URL: http://api.brain-map.org/grid_data/download_file/100141223?image=data_mask&resolution=100
./rebuild_oh_connectome.sh "experiments_exclude_updated.json" "../preprocessed/allen_template_inputs/oh_connectome_rgn_numbers_ccfv3.txt"	INFO:allensdk.api.api.retrieve_file_over_http:Downloading URL: http://api.brain-map.org/grid_data/download_file/100141223?image=data_mask&resolution=100
./rebuild_oh_connectome.sh "experiments_exclude_updated.json" "../preprocessed/allen_template_inputs/oh_connectome_rgn_numbers_ccfv3.txt"	DEBUG:urllib3.connectionpool:Starting new HTTP connection (1): api.brain-map.org:80
./rebuild_oh_connectome.sh "experiments_exclude_updated.json" "../preprocessed/allen_template_inputs/oh_connectome_rgn_numbers_ccfv3.txt"	DEBUG:urllib3.connectionpool:http://api.brain-map.org:80 "GET /grid_data/download_file/100141223?image=data_mask&resolution=100 HTTP/1.1" 200 61624
./rebuild_oh_connectome.sh "experiments_exclude_updated.json" "../preprocessed/allen_template_inputs/oh_connectome_rgn_numbers_ccfv3.txt"	2026-01-23 15:30:17,118 allensdk.api.api.retrieve_file_over_http INFO     Downloading URL: http://api.brain-map.org/grid_data/download_file/100141223?image=injection_density&resolution=100
./rebuild_oh_connectome.sh "experiments_exclude_updated.json" "../preprocessed/allen_template_inputs/oh_connectome_rgn_numbers_ccfv3.txt"	INFO:allensdk.api.api.retrieve_file_over_http:Downloading URL: http://api.brain-map.org/grid_data/download_file/100141223?image=injection_density&resolution=100
./rebuild_oh_connectome.sh "experiments_exclude_updated.json" "../preprocessed/allen_template_inputs/oh_connectome_rgn_numbers_ccfv3.txt"	DEBUG:urllib3.connectionpool:Starting new HTTP connection (1): api.brain-map.org:80
./rebuild_oh_connectome.sh "experiments_exclude_updated.json" "../preprocessed/allen_template_inputs/oh_connectome_rgn_numbers_ccfv3.txt"	DEBUG:urllib3.connectionpool:http://api.brain-map.org:80 "GET /grid_data/download_file/100141223?image=injection_density&resolution=100 HTTP/1.1" 200 6914
./rebuild_oh_connectome.sh "experiments_exclude_updated.json" "../preprocessed/allen_template_inputs/oh_connectome_rgn_numbers_ccfv3.txt"	2026-01-23 15:30:18,181 allensdk.api.api.retrieve_file_over_http INFO     Downloading URL: http://api.brain-map.org/grid_data/download_file/100141223?image=injection_fraction&resolution=100
./rebuild_oh_connectome.sh "experiments_exclude_updated.json" "../preprocessed/allen_template_inputs/oh_connectome_rgn_numbers_ccfv3.txt"	INFO:allensdk.api.api.retrieve_file_over_http:Downloading URL: http://api.brain-map.org/grid_data/download_file/100141223?image=injection_fraction&resolution=100
./rebuild_oh_connectome.sh "experiments_exclude_updated.json" "../preprocessed/allen_template_inputs/oh_connectome_rgn_numbers_ccfv3.txt"	DEBUG:urllib3.connectionpool:Starting new HTTP connection (1): api.brain-map.org:80
./rebuild_oh_connectome.sh "experiments_exclude_updated.json" "../preprocessed/allen_template_inputs/oh_connectome_rgn_numbers_ccfv3.txt"	DEBUG:urllib3.connectionpool:http://api.brain-map.org:80 "GET /grid_data/download_file/100141223?image=injection_fraction&resolution=100 HTTP/1.1" 200 6845
./rebuild_oh_connectome.sh "experiments_exclude_updated.json" "../preprocessed/allen_template_inputs/oh_connectome_rgn_numbers_ccfv3.txt"	2026-01-23 15:30:18,464 allensdk.api.api.retrieve_file_over_http INFO     Downloading URL: http://api.brain-map.org/grid_data/download_file/100141223?image=projection_density&resolution=100
./rebuild_oh_connectome.sh "experiments_exclude_updated.json" "../preprocessed/allen_template_inputs/oh_connectome_rgn_numbers_ccfv3.txt"	INFO:allensdk.api.api.retrieve_file_over_http:Downloading URL: http://api.brain-map.org/grid_data/download_file/100141223?image=projection_density&resolution=100
./rebuild_oh_connectome.sh "experiments_exclude_updated.json" "../preprocessed/allen_template_inputs/oh_connectome_rgn_numbers_ccfv3.txt"	DEBUG:urllib3.connectionpool:Starting new HTTP connection (1): api.brain-map.org:80
./rebuild_oh_connectome.sh "experiments_exclude_updated.json" "../preprocessed/allen_template_inputs/oh_connectome_rgn_numbers_ccfv3.txt"	DEBUG:urllib3.connectionpool:http://api.brain-map.org:80 "GET /grid_data/download_file/100141223?image=projection_density&resolution=100 HTTP/1.1" 200 238390
./rebuild_oh_connectome.sh "experiments_exclude_updated.json" "../preprocessed/allen_template_inputs/oh_connectome_rgn_numbers_ccfv3.txt"	2026-01-23 15:30:25,000 allensdk.api.api.retrieve_file_over_http INFO     Downloading URL: http://api.brain-map.org/grid_data/download_file/127396051?image=data_mask&resolution=100
./rebuild_oh_connectome.sh "experiments_exclude_updated.json" "../preprocessed/allen_template_inputs/oh_connectome_rgn_numbers_ccfv3.txt"	INFO:allensdk.api.api.retrieve_file_over_http:Downloading URL: http://api.brain-map.org/grid_data/download_file/127396051?image=data_mask&resolution=100
./rebuild_oh_connectome.sh "experiments_exclude_updated.json" "../preprocessed/allen_template_inputs/oh_connectome_rgn_numbers_ccfv3.txt"	DEBUG:urllib3.connectionpool:Starting new HTTP connection (1): api.brain-map.org:80
./rebuild_oh_connectome.sh "experiments_exclude_updated.json" "../preprocessed/allen_template_inputs/oh_connectome_rgn_numbers_ccfv3.txt"	DEBUG:urllib3.connectionpool:http://api.brain-map.org:80 "GET /grid_data/download_file/127396051?image=data_mask&resolution=100 HTTP/1.1" 200 72162
./rebuild_oh_connectome.sh "experiments_exclude_updated.json" "../preprocessed/allen_template_inputs/oh_connectome_rgn_numbers_ccfv3.txt"	2026-01-23 15:30:26,345 allensdk.api.api.retrieve_file_over_http INFO     Downloading URL: http://api.brain-map.org/grid_data/download_file/127396051?image=injection_density&resolution=100
./rebuild_oh_connectome.sh "experiments_exclude_updated.json" "../preprocessed/allen_template_inputs/oh_connectome_rgn_numbers_ccfv3.txt"	INFO:allensdk.api.api.retrieve_file_over_http:Downloading URL: http://api.brain-map.org/grid_data/download_file/127396051?image=injection_density&resolution=100
./rebuild_oh_connectome.sh "experiments_exclude_updated.json" "../preprocessed/allen_template_inputs/oh_connectome_rgn_numbers_ccfv3.txt"	DEBUG:urllib3.connectionpool:Starting new HTTP connection (1): api.brain-map.org:80
./rebuild_oh_connectome.sh "experiments_exclude_updated.json" "../preprocessed/allen_template_inputs/oh_connectome_rgn_numbers_ccfv3.txt"	DEBUG:urllib3.connectionpool:http://api.brain-map.org:80 "GET /grid_data/download_file/127396051?image=injection_density&resolution=100 HTTP/1.1" 200 8455
./rebuild_oh_connectome.sh "experiments_exclude_updated.json" "../preprocessed/allen_template_inputs/oh_connectome_rgn_numbers_ccfv3.txt"	2026-01-23 15:30:26,915 allensdk.api.api.retrieve_file_over_http INFO     Downloading URL: http://api.brain-map.org/grid_data/download_file/127396051?image=injection_fraction&resolution=100
./rebuild_oh_connectome.sh "experiments_exclude_updated.json" "../preprocessed/allen_template_inputs/oh_connectome_rgn_numbers_ccfv3.txt"	INFO:allensdk.api.api.retrieve_file_over_http:Downloading URL: http://api.brain-map.org/grid_data/download_file/127396051?image=injection_fraction&resolution=100
./rebuild_oh_connectome.sh "experiments_exclude_updated.json" "../preprocessed/allen_template_inputs/oh_connectome_rgn_numbers_ccfv3.txt"	DEBUG:urllib3.connectionpool:Starting new HTTP connection (1): api.brain-map.org:80
./rebuild_oh_connectome.sh "experiments_exclude_updated.json" "../preprocessed/allen_template_inputs/oh_connectome_rgn_numbers_ccfv3.txt"	DEBUG:urllib3.connectionpool:http://api.brain-map.org:80 "GET /grid_data/download_file/127396051?image=injection_fraction&resolution=100 HTTP/1.1" 200 8390
./rebuild_oh_connectome.sh "experiments_exclude_updated.json" "../preprocessed/allen_template_inputs/oh_connectome_rgn_numbers_ccfv3.txt"	2026-01-23 15:30:28,865 allensdk.api.api.retrieve_file_over_http INFO     Downloading URL: http://api.brain-map.org/grid_data/download_file/127396051?image=projection_density&resolution=100
./rebuild_oh_connectome.sh "experiments_exclude_updated.json" "../preprocessed/allen_template_inputs/oh_connectome_rgn_numbers_ccfv3.txt"	INFO:allensdk.api.api.retrieve_file_over_http:Downloading URL: http://api.brain-map.org/grid_data/download_file/127396051?image=projection_density&resolution=100
./rebuild_oh_connectome.sh "experiments_exclude_updated.json" "../preprocessed/allen_template_inputs/oh_connectome_rgn_numbers_ccfv3.txt"	DEBUG:urllib3.connectionpool:Starting new HTTP connection (1): api.brain-map.org:80
./rebuild_oh_connectome.sh "experiments_exclude_updated.json" "../preprocessed/allen_template_inputs/oh_connectome_rgn_numbers_ccfv3.txt"	DEBUG:urllib3.connectionpool:http://api.brain-map.org:80 "GET /grid_data/download_file/127396051?image=projection_density&resolution=100 HTTP/1.1" 200 495206
./rebuild_oh_connectome.sh "experiments_exclude_updated.json" "../preprocessed/allen_template_inputs/oh_connectome_rgn_numbers_ccfv3.txt"	2026-01-23 15:30:38,334 allensdk.api.api.retrieve_file_over_http INFO     Downloading URL: http://api.brain-map.org/grid_data/download_file/114755811?image=data_mask&resolution=100
./rebuild_oh_connectome.sh "experiments_exclude_updated.json" "../preprocessed/allen_template_inputs/oh_connectome_rgn_numbers_ccfv3.txt"	INFO:allensdk.api.api.retrieve_file_over_http:Downloading URL: http://api.brain-map.org/grid_data/download_file/114755811?image=data_mask&resolution=100
./rebuild_oh_connectome.sh "experiments_exclude_updated.json" "../preprocessed/allen_template_inputs/oh_connectome_rgn_numbers_ccfv3.txt"	DEBUG:urllib3.connectionpool:Starting new HTTP connection (1): api.brain-map.org:80
./rebuild_oh_connectome.sh "experiments_exclude_updated.json" "../preprocessed/allen_template_inputs/oh_connectome_rgn_numbers_ccfv3.txt"	DEBUG:urllib3.connectionpool:http://api.brain-map.org:80 "GET /grid_data/download_file/114755811?image=data_mask&resolution=100 HTTP/1.1" 200 9324
./rebuild_oh_connectome.sh "experiments_exclude_updated.json" "../preprocessed/allen_template_inputs/oh_connectome_rgn_numbers_ccfv3.txt"	2026-01-23 15:30:38,669 allensdk.api.api.retrieve_file_over_http INFO     Downloading URL: http://api.brain-map.org/grid_data/download_file/114755811?image=injection_density&resolution=100
./rebuild_oh_connectome.sh "experiments_exclude_updated.json" "../preprocessed/allen_template_inputs/oh_connectome_rgn_numbers_ccfv3.txt"	INFO:allensdk.api.api.retrieve_file_over_http:Downloading URL: http://api.brain-map.org/grid_data/download_file/114755811?image=injection_density&resolution=100
./rebuild_oh_connectome.sh "experiments_exclude_updated.json" "../preprocessed/allen_template_inputs/oh_connectome_rgn_numbers_ccfv3.txt"	DEBUG:urllib3.connectionpool:Starting new HTTP connection (1): api.brain-map.org:80
./rebuild_oh_connectome.sh "experiments_exclude_updated.json" "../preprocessed/allen_template_inputs/oh_connectome_rgn_numbers_ccfv3.txt"	DEBUG:urllib3.connectionpool:http://api.brain-map.org:80 "GET /grid_data/download_file/114755811?image=injection_density&resolution=100 HTTP/1.1" 200 7773
./rebuild_oh_connectome.sh "experiments_exclude_updated.json" "../preprocessed/allen_template_inputs/oh_connectome_rgn_numbers_ccfv3.txt"	2026-01-23 15:30:38,871 allensdk.api.api.retrieve_file_over_http INFO     Downloading URL: http://api.brain-map.org/grid_data/download_file/114755811?image=injection_fraction&resolution=100
./rebuild_oh_connectome.sh "experiments_exclude_updated.json" "../preprocessed/allen_template_inputs/oh_connectome_rgn_numbers_ccfv3.txt"	INFO:allensdk.api.api.retrieve_file_over_http:Downloading URL: http://api.brain-map.org/grid_data/download_file/114755811?image=injection_fraction&resolution=100
./rebuild_oh_connectome.sh "experiments_exclude_updated.json" "../preprocessed/allen_template_inputs/oh_connectome_rgn_numbers_ccfv3.txt"	DEBUG:urllib3.connectionpool:Starting new HTTP connection (1): api.brain-map.org:80
./rebuild_oh_connectome.sh "experiments_exclude_updated.json" "../preprocessed/allen_template_inputs/oh_connectome_rgn_numbers_ccfv3.txt"	DEBUG:urllib3.connectionpool:http://api.brain-map.org:80 "GET /grid_data/download_file/114755811?image=injection_fraction&resolution=100 HTTP/1.1" 200 7786
./rebuild_oh_connectome.sh "experiments_exclude_updated.json" "../preprocessed/allen_template_inputs/oh_connectome_rgn_numbers_ccfv3.txt"	2026-01-23 15:30:40,516 allensdk.api.api.retrieve_file_over_http INFO     Downloading URL: http://api.brain-map.org/grid_data/download_file/114755811?image=projection_density&resolution=100
./rebuild_oh_connectome.sh "experiments_exclude_updated.json" "../preprocessed/allen_template_inputs/oh_connectome_rgn_numbers_ccfv3.txt"	INFO:allensdk.api.api.retrieve_file_over_http:Downloading URL: http://api.brain-map.org/grid_data/download_file/114755811?image=projection_density&resolution=100
./rebuild_oh_connectome.sh "experiments_exclude_updated.json" "../preprocessed/allen_template_inputs/oh_connectome_rgn_numbers_ccfv3.txt"	DEBUG:urllib3.connectionpool:Starting new HTTP connection (1): api.brain-map.org:80
./rebuild_oh_connectome.sh "experiments_exclude_updated.json" "../preprocessed/allen_template_inputs/oh_connectome_rgn_numbers_ccfv3.txt"	DEBUG:urllib3.connectionpool:http://api.brain-map.org:80 "GET /grid_data/download_file/114755811?image=projection_density&resolution=100 HTTP/1.1" 200 569915
./rebuild_oh_connectome.sh "experiments_exclude_updated.json" "../preprocessed/allen_template_inputs/oh_connectome_rgn_numbers_ccfv3.txt"	2026-01-23 15:30:49,630 allensdk.api.api.retrieve_file_over_http INFO     Downloading URL: http://api.brain-map.org/grid_data/download_file/126646502?image=data_mask&resolution=100
./rebuild_oh_connectome.sh "experiments_exclude_updated.json" "../preprocessed/allen_template_inputs/oh_connectome_rgn_numbers_ccfv3.txt"	INFO:allensdk.api.api.retrieve_file_over_http:Downloading URL: http://api.brain-map.org/grid_data/download_file/126646502?image=data_mask&resolution=100
./rebuild_oh_connectome.sh "experiments_exclude_updated.json" "../preprocessed/allen_template_inputs/oh_connectome_rgn_numbers_ccfv3.txt"	DEBUG:urllib3.connectionpool:Starting new HTTP connection (1): api.brain-map.org:80
./rebuild_oh_connectome.sh "experiments_exclude_updated.json" "../preprocessed/allen_template_inputs/oh_connectome_rgn_numbers_ccfv3.txt"	DEBUG:urllib3.connectionpool:http://api.brain-map.org:80 "GET /grid_data/download_file/126646502?image=data_mask&resolution=100 HTTP/1.1" 200 61592
./rebuild_oh_connectome.sh "experiments_exclude_updated.json" "../preprocessed/allen_template_inputs/oh_connectome_rgn_numbers_ccfv3.txt"	2026-01-23 15:30:50,577 allensdk.api.api.retrieve_file_over_http INFO     Downloading URL: http://api.brain-map.org/grid_data/download_file/126646502?image=injection_density&resolution=100
./rebuild_oh_connectome.sh "experiments_exclude_updated.json" "../preprocessed/allen_template_inputs/oh_connectome_rgn_numbers_ccfv3.txt"	INFO:allensdk.api.api.retrieve_file_over_http:Downloading URL: http://api.brain-map.org/grid_data/download_file/126646502?image=injection_density&resolution=100
./rebuild_oh_connectome.sh "experiments_exclude_updated.json" "../preprocessed/allen_template_inputs/oh_connectome_rgn_numbers_ccfv3.txt"	DEBUG:urllib3.connectionpool:Starting new HTTP connection (1): api.brain-map.org:80
./rebuild_oh_connectome.sh "experiments_exclude_updated.json" "../preprocessed/allen_template_inputs/oh_connectome_rgn_numbers_ccfv3.txt"	DEBUG:urllib3.connectionpool:http://api.brain-map.org:80 "GET /grid_data/download_file/126646502?image=injection_density&resolution=100 HTTP/1.1" 200 7612
./rebuild_oh_connectome.sh "experiments_exclude_updated.json" "../preprocessed/allen_template_inputs/oh_connectome_rgn_numbers_ccfv3.txt"	2026-01-23 15:30:50,794 allensdk.api.api.retrieve_file_over_http INFO     Downloading URL: http://api.brain-map.org/grid_data/download_file/126646502?image=injection_fraction&resolution=100
./rebuild_oh_connectome.sh "experiments_exclude_updated.json" "../preprocessed/allen_template_inputs/oh_connectome_rgn_numbers_ccfv3.txt"	INFO:allensdk.api.api.retrieve_file_over_http:Downloading URL: http://api.brain-map.org/grid_data/download_file/126646502?image=injection_fraction&resolution=100
./rebuild_oh_connectome.sh "experiments_exclude_updated.json" "../preprocessed/allen_template_inputs/oh_connectome_rgn_numbers_ccfv3.txt"	DEBUG:urllib3.connectionpool:Starting new HTTP connection (1): api.brain-map.org:80
./rebuild_oh_connectome.sh "experiments_exclude_updated.json" "../preprocessed/allen_template_inputs/oh_connectome_rgn_numbers_ccfv3.txt"	DEBUG:urllib3.connectionpool:http://api.brain-map.org:80 "GET /grid_data/download_file/126646502?image=injection_fraction&resolution=100 HTTP/1.1" 200 7589
./rebuild_oh_connectome.sh "experiments_exclude_updated.json" "../preprocessed/allen_template_inputs/oh_connectome_rgn_numbers_ccfv3.txt"	2026-01-23 15:30:51,075 allensdk.api.api.retrieve_file_over_http INFO     Downloading URL: http://api.brain-map.org/grid_data/download_file/126646502?image=projection_density&resolution=100
./rebuild_oh_connectome.sh "experiments_exclude_updated.json" "../preprocessed/allen_template_inputs/oh_connectome_rgn_numbers_ccfv3.txt"	INFO:allensdk.api.api.retrieve_file_over_http:Downloading URL: http://api.brain-map.org/grid_data/download_file/126646502?image=projection_density&resolution=100
./rebuild_oh_connectome.sh "experiments_exclude_updated.json" "../preprocessed/allen_template_inputs/oh_connectome_rgn_numbers_ccfv3.txt"	DEBUG:urllib3.connectionpool:Starting new HTTP connection (1): api.brain-map.org:80
./rebuild_oh_connectome.sh "experiments_exclude_updated.json" "../preprocessed/allen_template_inputs/oh_connectome_rgn_numbers_ccfv3.txt"	DEBUG:urllib3.connectionpool:http://api.brain-map.org:80 "GET /grid_data/download_file/126646502?image=projection_density&resolution=100 HTTP/1.1" 200 336077
./rebuild_oh_connectome.sh "experiments_exclude_updated.json" "../preprocessed/allen_template_inputs/oh_connectome_rgn_numbers_ccfv3.txt"	2026-01-23 15:30:57,371 allensdk.api.api.retrieve_file_over_http INFO     Downloading URL: http://api.brain-map.org/grid_data/download_file/272873704?image=data_mask&resolution=100
./rebuild_oh_connectome.sh "experiments_exclude_updated.json" "../preprocessed/allen_template_inputs/oh_connectome_rgn_numbers_ccfv3.txt"	INFO:allensdk.api.api.retrieve_file_over_http:Downloading URL: http://api.brain-map.org/grid_data/download_file/272873704?image=data_mask&resolution=100
./rebuild_oh_connectome.sh "experiments_exclude_updated.json" "../preprocessed/allen_template_inputs/oh_connectome_rgn_numbers_ccfv3.txt"	DEBUG:urllib3.connectionpool:Starting new HTTP connection (1): api.brain-map.org:80
./rebuild_oh_connectome.sh "experiments_exclude_updated.json" "../preprocessed/allen_template_inputs/oh_connectome_rgn_numbers_ccfv3.txt"	DEBUG:urllib3.connectionpool:http://api.brain-map.org:80 "GET /grid_data/download_file/272873704?image=data_mask&resolution=100 HTTP/1.1" 200 73304
./rebuild_oh_connectome.sh "experiments_exclude_updated.json" "../preprocessed/allen_template_inputs/oh_connectome_rgn_numbers_ccfv3.txt"	2026-01-23 15:30:58,219 allensdk.api.api.retrieve_file_over_http INFO     Downloading URL: http://api.brain-map.org/grid_data/download_file/272873704?image=injection_density&resolution=100
./rebuild_oh_connectome.sh "experiments_exclude_updated.json" "../preprocessed/allen_template_inputs/oh_connectome_rgn_numbers_ccfv3.txt"	INFO:allensdk.api.api.retrieve_file_over_http:Downloading URL: http://api.brain-map.org/grid_data/download_file/272873704?image=injection_density&resolution=100
./rebuild_oh_connectome.sh "experiments_exclude_updated.json" "../preprocessed/allen_template_inputs/oh_connectome_rgn_numbers_ccfv3.txt"	DEBUG:urllib3.connectionpool:Starting new HTTP connection (1): api.brain-map.org:80
./rebuild_oh_connectome.sh "experiments_exclude_updated.json" "../preprocessed/allen_template_inputs/oh_connectome_rgn_numbers_ccfv3.txt"	DEBUG:urllib3.connectionpool:http://api.brain-map.org:80 "GET /grid_data/download_file/272873704?image=injection_density&resolution=100 HTTP/1.1" 200 7015
./rebuild_oh_connectome.sh "experiments_exclude_updated.json" "../preprocessed/allen_template_inputs/oh_connectome_rgn_numbers_ccfv3.txt"	2026-01-23 15:30:58,432 allensdk.api.api.retrieve_file_over_http INFO     Downloading URL: http://api.brain-map.org/grid_data/download_file/272873704?image=injection_fraction&resolution=100
./rebuild_oh_connectome.sh "experiments_exclude_updated.json" "../preprocessed/allen_template_inputs/oh_connectome_rgn_numbers_ccfv3.txt"	INFO:allensdk.api.api.retrieve_file_over_http:Downloading URL: http://api.brain-map.org/grid_data/download_file/272873704?image=injection_fraction&resolution=100
./rebuild_oh_connectome.sh "experiments_exclude_updated.json" "../preprocessed/allen_template_inputs/oh_connectome_rgn_numbers_ccfv3.txt"	DEBUG:urllib3.connectionpool:Starting new HTTP connection (1): api.brain-map.org:80
./rebuild_oh_connectome.sh "experiments_exclude_updated.json" "../preprocessed/allen_template_inputs/oh_connectome_rgn_numbers_ccfv3.txt"	DEBUG:urllib3.connectionpool:http://api.brain-map.org:80 "GET /grid_data/download_file/272873704?image=injection_fraction&resolution=100 HTTP/1.1" 200 7027
./rebuild_oh_connectome.sh "experiments_exclude_updated.json" "../preprocessed/allen_template_inputs/oh_connectome_rgn_numbers_ccfv3.txt"	2026-01-23 15:30:58,842 allensdk.api.api.retrieve_file_over_http INFO     Downloading URL: http://api.brain-map.org/grid_data/download_file/272873704?image=projection_density&resolution=100
./rebuild_oh_connectome.sh "experiments_exclude_updated.json" "../preprocessed/allen_template_inputs/oh_connectome_rgn_numbers_ccfv3.txt"	INFO:allensdk.api.api.retrieve_file_over_http:Downloading URL: http://api.brain-map.org/grid_data/download_file/272873704?image=projection_density&resolution=100
./rebuild_oh_connectome.sh "experiments_exclude_updated.json" "../preprocessed/allen_template_inputs/oh_connectome_rgn_numbers_ccfv3.txt"	DEBUG:urllib3.connectionpool:Starting new HTTP connection (1): api.brain-map.org:80
./rebuild_oh_connectome.sh "experiments_exclude_updated.json" "../preprocessed/allen_template_inputs/oh_connectome_rgn_numbers_ccfv3.txt"	DEBUG:urllib3.connectionpool:http://api.brain-map.org:80 "GET /grid_data/download_file/272873704?image=projection_density&resolution=100 HTTP/1.1" 200 321684
./rebuild_oh_connectome.sh "experiments_exclude_updated.json" "../preprocessed/allen_template_inputs/oh_connectome_rgn_numbers_ccfv3.txt"	2026-01-23 15:31:05,149 allensdk.api.api.retrieve_file_over_http INFO     Downloading URL: http://api.brain-map.org/grid_data/download_file/272967913?image=data_mask&resolution=100
./rebuild_oh_connectome.sh "experiments_exclude_updated.json" "../preprocessed/allen_template_inputs/oh_connectome_rgn_numbers_ccfv3.txt"	INFO:allensdk.api.api.retrieve_file_over_http:Downloading URL: http://api.brain-map.org/grid_data/download_file/272967913?image=data_mask&resolution=100
./rebuild_oh_connectome.sh "experiments_exclude_updated.json" "../preprocessed/allen_template_inputs/oh_connectome_rgn_numbers_ccfv3.txt"	DEBUG:urllib3.connectionpool:Starting new HTTP connection (1): api.brain-map.org:80
./rebuild_oh_connectome.sh "experiments_exclude_updated.json" "../preprocessed/allen_template_inputs/oh_connectome_rgn_numbers_ccfv3.txt"	DEBUG:urllib3.connectionpool:http://api.brain-map.org:80 "GET /grid_data/download_file/272967913?image=data_mask&resolution=100 HTTP/1.1" 200 73732
./rebuild_oh_connectome.sh "experiments_exclude_updated.json" "../preprocessed/allen_template_inputs/oh_connectome_rgn_numbers_ccfv3.txt"	2026-01-23 15:31:08,162 allensdk.api.api.retrieve_file_over_http INFO     Downloading URL: http://api.brain-map.org/grid_data/download_file/272967913?image=injection_density&resolution=100
./rebuild_oh_connectome.sh "experiments_exclude_updated.json" "../preprocessed/allen_template_inputs/oh_connectome_rgn_numbers_ccfv3.txt"	INFO:allensdk.api.api.retrieve_file_over_http:Downloading URL: http://api.brain-map.org/grid_data/download_file/272967913?image=injection_density&resolution=100
./rebuild_oh_connectome.sh "experiments_exclude_updated.json" "../preprocessed/allen_template_inputs/oh_connectome_rgn_numbers_ccfv3.txt"	DEBUG:urllib3.connectionpool:Starting new HTTP connection (1): api.brain-map.org:80
./rebuild_oh_connectome.sh "experiments_exclude_updated.json" "../preprocessed/allen_template_inputs/oh_connectome_rgn_numbers_ccfv3.txt"	DEBUG:urllib3.connectionpool:http://api.brain-map.org:80 "GET /grid_data/download_file/272967913?image=injection_density&resolution=100 HTTP/1.1" 200 5886
./rebuild_oh_connectome.sh "experiments_exclude_updated.json" "../preprocessed/allen_template_inputs/oh_connectome_rgn_numbers_ccfv3.txt"	2026-01-23 15:31:08,865 allensdk.api.api.retrieve_file_over_http INFO     Downloading URL: http://api.brain-map.org/grid_data/download_file/272967913?image=injection_fraction&resolution=100
./rebuild_oh_connectome.sh "experiments_exclude_updated.json" "../preprocessed/allen_template_inputs/oh_connectome_rgn_numbers_ccfv3.txt"	INFO:allensdk.api.api.retrieve_file_over_http:Downloading URL: http://api.brain-map.org/grid_data/download_file/272967913?image=injection_fraction&resolution=100
./rebuild_oh_connectome.sh "experiments_exclude_updated.json" "../preprocessed/allen_template_inputs/oh_connectome_rgn_numbers_ccfv3.txt"	DEBUG:urllib3.connectionpool:Starting new HTTP connection (1): api.brain-map.org:80
./rebuild_oh_connectome.sh "experiments_exclude_updated.json" "../preprocessed/allen_template_inputs/oh_connectome_rgn_numbers_ccfv3.txt"	DEBUG:urllib3.connectionpool:http://api.brain-map.org:80 "GET /grid_data/download_file/272967913?image=injection_fraction&resolution=100 HTTP/1.1" 200 5905
./rebuild_oh_connectome.sh "experiments_exclude_updated.json" "../preprocessed/allen_template_inputs/oh_connectome_rgn_numbers_ccfv3.txt"	2026-01-23 15:31:09,192 allensdk.api.api.retrieve_file_over_http INFO     Downloading URL: http://api.brain-map.org/grid_data/download_file/272967913?image=projection_density&resolution=100
./rebuild_oh_connectome.sh "experiments_exclude_updated.json" "../preprocessed/allen_template_inputs/oh_connectome_rgn_numbers_ccfv3.txt"	INFO:allensdk.api.api.retrieve_file_over_http:Downloading URL: http://api.brain-map.org/grid_data/download_file/272967913?image=projection_density&resolution=100
./rebuild_oh_connectome.sh "experiments_exclude_updated.json" "../preprocessed/allen_template_inputs/oh_connectome_rgn_numbers_ccfv3.txt"	DEBUG:urllib3.connectionpool:Starting new HTTP connection (1): api.brain-map.org:80
./rebuild_oh_connectome.sh "experiments_exclude_updated.json" "../preprocessed/allen_template_inputs/oh_connectome_rgn_numbers_ccfv3.txt"	DEBUG:urllib3.connectionpool:http://api.brain-map.org:80 "GET /grid_data/download_file/272967913?image=projection_density&resolution=100 HTTP/1.1" 200 115102
./rebuild_oh_connectome.sh "experiments_exclude_updated.json" "../preprocessed/allen_template_inputs/oh_connectome_rgn_numbers_ccfv3.txt"	2026-01-23 15:31:12,484 allensdk.api.api.retrieve_file_over_http INFO     Downloading URL: http://api.brain-map.org/grid_data/download_file/158376179?image=data_mask&resolution=100
./rebuild_oh_connectome.sh "experiments_exclude_updated.json" "../preprocessed/allen_template_inputs/oh_connectome_rgn_numbers_ccfv3.txt"	INFO:allensdk.api.api.retrieve_file_over_http:Downloading URL: http://api.brain-map.org/grid_data/download_file/158376179?image=data_mask&resolution=100
./rebuild_oh_connectome.sh "experiments_exclude_updated.json" "../preprocessed/allen_template_inputs/oh_connectome_rgn_numbers_ccfv3.txt"	DEBUG:urllib3.connectionpool:Starting new HTTP connection (1): api.brain-map.org:80
./rebuild_oh_connectome.sh "experiments_exclude_updated.json" "../preprocessed/allen_template_inputs/oh_connectome_rgn_numbers_ccfv3.txt"	DEBUG:urllib3.connectionpool:http://api.brain-map.org:80 "GET /grid_data/download_file/158376179?image=data_mask&resolution=100 HTTP/1.1" 200 87893
./rebuild_oh_connectome.sh "experiments_exclude_updated.json" "../preprocessed/allen_template_inputs/oh_connectome_rgn_numbers_ccfv3.txt"	2026-01-23 15:31:13,733 allensdk.api.api.retrieve_file_over_http INFO     Downloading URL: http://api.brain-map.org/grid_data/download_file/158376179?image=injection_density&resolution=100
./rebuild_oh_connectome.sh "experiments_exclude_updated.json" "../preprocessed/allen_template_inputs/oh_connectome_rgn_numbers_ccfv3.txt"	INFO:allensdk.api.api.retrieve_file_over_http:Downloading URL: http://api.brain-map.org/grid_data/download_file/158376179?image=injection_density&resolution=100
./rebuild_oh_connectome.sh "experiments_exclude_updated.json" "../preprocessed/allen_template_inputs/oh_connectome_rgn_numbers_ccfv3.txt"	DEBUG:urllib3.connectionpool:Starting new HTTP connection (1): api.brain-map.org:80
./rebuild_oh_connectome.sh "experiments_exclude_updated.json" "../preprocessed/allen_template_inputs/oh_connectome_rgn_numbers_ccfv3.txt"	DEBUG:urllib3.connectionpool:http://api.brain-map.org:80 "GET /grid_data/download_file/158376179?image=injection_density&resolution=100 HTTP/1.1" 200 9099
./rebuild_oh_connectome.sh "experiments_exclude_updated.json" "../preprocessed/allen_template_inputs/oh_connectome_rgn_numbers_ccfv3.txt"	2026-01-23 15:31:15,182 allensdk.api.api.retrieve_file_over_http INFO     Downloading URL: http://api.brain-map.org/grid_data/download_file/158376179?image=injection_fraction&resolution=100
./rebuild_oh_connectome.sh "experiments_exclude_updated.json" "../preprocessed/allen_template_inputs/oh_connectome_rgn_numbers_ccfv3.txt"	INFO:allensdk.api.api.retrieve_file_over_http:Downloading URL: http://api.brain-map.org/grid_data/download_file/158376179?image=injection_fraction&resolution=100
./rebuild_oh_connectome.sh "experiments_exclude_updated.json" "../preprocessed/allen_template_inputs/oh_connectome_rgn_numbers_ccfv3.txt"	DEBUG:urllib3.connectionpool:Starting new HTTP connection (1): api.brain-map.org:80
./rebuild_oh_connectome.sh "experiments_exclude_updated.json" "../preprocessed/allen_template_inputs/oh_connectome_rgn_numbers_ccfv3.txt"	DEBUG:urllib3.connectionpool:http://api.brain-map.org:80 "GET /grid_data/download_file/158376179?image=injection_fraction&resolution=100 HTTP/1.1" 200 9098
./rebuild_oh_connectome.sh "experiments_exclude_updated.json" "../preprocessed/allen_template_inputs/oh_connectome_rgn_numbers_ccfv3.txt"	2026-01-23 15:31:17,009 allensdk.api.api.retrieve_file_over_http INFO     Downloading URL: http://api.brain-map.org/grid_data/download_file/158376179?image=projection_density&resolution=100
./rebuild_oh_connectome.sh "experiments_exclude_updated.json" "../preprocessed/allen_template_inputs/oh_connectome_rgn_numbers_ccfv3.txt"	INFO:allensdk.api.api.retrieve_file_over_http:Downloading URL: http://api.brain-map.org/grid_data/download_file/158376179?image=projection_density&resolution=100
./rebuild_oh_connectome.sh "experiments_exclude_updated.json" "../preprocessed/allen_template_inputs/oh_connectome_rgn_numbers_ccfv3.txt"	DEBUG:urllib3.connectionpool:Starting new HTTP connection (1): api.brain-map.org:80
./rebuild_oh_connectome.sh "experiments_exclude_updated.json" "../preprocessed/allen_template_inputs/oh_connectome_rgn_numbers_ccfv3.txt"	DEBUG:urllib3.connectionpool:http://api.brain-map.org:80 "GET /grid_data/download_file/158376179?image=projection_density&resolution=100 HTTP/1.1" 200 714258
./rebuild_oh_connectome.sh "experiments_exclude_updated.json" "../preprocessed/allen_template_inputs/oh_connectome_rgn_numbers_ccfv3.txt"	2026-01-23 15:31:31,619 allensdk.api.api.retrieve_file_over_http INFO     Downloading URL: http://api.brain-map.org/grid_data/download_file/112308468?image=data_mask&resolution=100
./rebuild_oh_connectome.sh "experiments_exclude_updated.json" "../preprocessed/allen_template_inputs/oh_connectome_rgn_numbers_ccfv3.txt"	INFO:allensdk.api.api.retrieve_file_over_http:Downloading URL: http://api.brain-map.org/grid_data/download_file/112308468?image=data_mask&resolution=100
./rebuild_oh_connectome.sh "experiments_exclude_updated.json" "../preprocessed/allen_template_inputs/oh_connectome_rgn_numbers_ccfv3.txt"	DEBUG:urllib3.connectionpool:Starting new HTTP connection (1): api.brain-map.org:80
./rebuild_oh_connectome.sh "experiments_exclude_updated.json" "../preprocessed/allen_template_inputs/oh_connectome_rgn_numbers_ccfv3.txt"	DEBUG:urllib3.connectionpool:http://api.brain-map.org:80 "GET /grid_data/download_file/112308468?image=data_mask&resolution=100 HTTP/1.1" 200 65786
./rebuild_oh_connectome.sh "experiments_exclude_updated.json" "../preprocessed/allen_template_inputs/oh_connectome_rgn_numbers_ccfv3.txt"	2026-01-23 15:31:32,201 allensdk.api.api.retrieve_file_over_http INFO     Downloading URL: http://api.brain-map.org/grid_data/download_file/112308468?image=injection_density&resolution=100
./rebuild_oh_connectome.sh "experiments_exclude_updated.json" "../preprocessed/allen_template_inputs/oh_connectome_rgn_numbers_ccfv3.txt"	INFO:allensdk.api.api.retrieve_file_over_http:Downloading URL: http://api.brain-map.org/grid_data/download_file/112308468?image=injection_density&resolution=100
./rebuild_oh_connectome.sh "experiments_exclude_updated.json" "../preprocessed/allen_template_inputs/oh_connectome_rgn_numbers_ccfv3.txt"	DEBUG:urllib3.connectionpool:Starting new HTTP connection (1): api.brain-map.org:80
./rebuild_oh_connectome.sh "experiments_exclude_updated.json" "../preprocessed/allen_template_inputs/oh_connectome_rgn_numbers_ccfv3.txt"	DEBUG:urllib3.connectionpool:http://api.brain-map.org:80 "GET /grid_data/download_file/112308468?image=injection_density&resolution=100 HTTP/1.1" 200 6606
./rebuild_oh_connectome.sh "experiments_exclude_updated.json" "../preprocessed/allen_template_inputs/oh_connectome_rgn_numbers_ccfv3.txt"	2026-01-23 15:31:32,623 allensdk.api.api.retrieve_file_over_http INFO     Downloading URL: http://api.brain-map.org/grid_data/download_file/112308468?image=injection_fraction&resolution=100
./rebuild_oh_connectome.sh "experiments_exclude_updated.json" "../preprocessed/allen_template_inputs/oh_connectome_rgn_numbers_ccfv3.txt"	INFO:allensdk.api.api.retrieve_file_over_http:Downloading URL: http://api.brain-map.org/grid_data/download_file/112308468?image=injection_fraction&resolution=100
./rebuild_oh_connectome.sh "experiments_exclude_updated.json" "../preprocessed/allen_template_inputs/oh_connectome_rgn_numbers_ccfv3.txt"	DEBUG:urllib3.connectionpool:Starting new HTTP connection (1): api.brain-map.org:80
./rebuild_oh_connectome.sh "experiments_exclude_updated.json" "../preprocessed/allen_template_inputs/oh_connectome_rgn_numbers_ccfv3.txt"	DEBUG:urllib3.connectionpool:http://api.brain-map.org:80 "GET /grid_data/download_file/112308468?image=injection_fraction&resolution=100 HTTP/1.1" 200 6603
./rebuild_oh_connectome.sh "experiments_exclude_updated.json" "../preprocessed/allen_template_inputs/oh_connectome_rgn_numbers_ccfv3.txt"	2026-01-23 15:31:32,971 allensdk.api.api.retrieve_file_over_http INFO     Downloading URL: http://api.brain-map.org/grid_data/download_file/112308468?image=projection_density&resolution=100
./rebuild_oh_connectome.sh "experiments_exclude_updated.json" "../preprocessed/allen_template_inputs/oh_connectome_rgn_numbers_ccfv3.txt"	INFO:allensdk.api.api.retrieve_file_over_http:Downloading URL: http://api.brain-map.org/grid_data/download_file/112308468?image=projection_density&resolution=100
./rebuild_oh_connectome.sh "experiments_exclude_updated.json" "../preprocessed/allen_template_inputs/oh_connectome_rgn_numbers_ccfv3.txt"	DEBUG:urllib3.connectionpool:Starting new HTTP connection (1): api.brain-map.org:80
./rebuild_oh_connectome.sh "experiments_exclude_updated.json" "../preprocessed/allen_template_inputs/oh_connectome_rgn_numbers_ccfv3.txt"	DEBUG:urllib3.connectionpool:http://api.brain-map.org:80 "GET /grid_data/download_file/112308468?image=projection_density&resolution=100 HTTP/1.1" 200 346659
./rebuild_oh_connectome.sh "experiments_exclude_updated.json" "../preprocessed/allen_template_inputs/oh_connectome_rgn_numbers_ccfv3.txt"	2026-01-23 15:31:36,866 allensdk.api.api.retrieve_file_over_http INFO     Downloading URL: http://api.brain-map.org/grid_data/download_file/120436988?image=data_mask&resolution=100
./rebuild_oh_connectome.sh "experiments_exclude_updated.json" "../preprocessed/allen_template_inputs/oh_connectome_rgn_numbers_ccfv3.txt"	INFO:allensdk.api.api.retrieve_file_over_http:Downloading URL: http://api.brain-map.org/grid_data/download_file/120436988?image=data_mask&resolution=100
./rebuild_oh_connectome.sh "experiments_exclude_updated.json" "../preprocessed/allen_template_inputs/oh_connectome_rgn_numbers_ccfv3.txt"	DEBUG:urllib3.connectionpool:Starting new HTTP connection (1): api.brain-map.org:80
./rebuild_oh_connectome.sh "experiments_exclude_updated.json" "../preprocessed/allen_template_inputs/oh_connectome_rgn_numbers_ccfv3.txt"	DEBUG:urllib3.connectionpool:http://api.brain-map.org:80 "GET /grid_data/download_file/120436988?image=data_mask&resolution=100 HTTP/1.1" 200 71102
./rebuild_oh_connectome.sh "experiments_exclude_updated.json" "../preprocessed/allen_template_inputs/oh_connectome_rgn_numbers_ccfv3.txt"	2026-01-23 15:31:39,835 allensdk.api.api.retrieve_file_over_http INFO     Downloading URL: http://api.brain-map.org/grid_data/download_file/120436988?image=injection_density&resolution=100
./rebuild_oh_connectome.sh "experiments_exclude_updated.json" "../preprocessed/allen_template_inputs/oh_connectome_rgn_numbers_ccfv3.txt"	INFO:allensdk.api.api.retrieve_file_over_http:Downloading URL: http://api.brain-map.org/grid_data/download_file/120436988?image=injection_density&resolution=100
./rebuild_oh_connectome.sh "experiments_exclude_updated.json" "../preprocessed/allen_template_inputs/oh_connectome_rgn_numbers_ccfv3.txt"	DEBUG:urllib3.connectionpool:Starting new HTTP connection (1): api.brain-map.org:80
./rebuild_oh_connectome.sh "experiments_exclude_updated.json" "../preprocessed/allen_template_inputs/oh_connectome_rgn_numbers_ccfv3.txt"	DEBUG:urllib3.connectionpool:http://api.brain-map.org:80 "GET /grid_data/download_file/120436988?image=injection_density&resolution=100 HTTP/1.1" 200 5570
./rebuild_oh_connectome.sh "experiments_exclude_updated.json" "../preprocessed/allen_template_inputs/oh_connectome_rgn_numbers_ccfv3.txt"	2026-01-23 15:31:40,192 allensdk.api.api.retrieve_file_over_http INFO     Downloading URL: http://api.brain-map.org/grid_data/download_file/120436988?image=injection_fraction&resolution=100
./rebuild_oh_connectome.sh "experiments_exclude_updated.json" "../preprocessed/allen_template_inputs/oh_connectome_rgn_numbers_ccfv3.txt"	INFO:allensdk.api.api.retrieve_file_over_http:Downloading URL: http://api.brain-map.org/grid_data/download_file/120436988?image=injection_fraction&resolution=100
./rebuild_oh_connectome.sh "experiments_exclude_updated.json" "../preprocessed/allen_template_inputs/oh_connectome_rgn_numbers_ccfv3.txt"	DEBUG:urllib3.connectionpool:Starting new HTTP connection (1): api.brain-map.org:80
./rebuild_oh_connectome.sh "experiments_exclude_updated.json" "../preprocessed/allen_template_inputs/oh_connectome_rgn_numbers_ccfv3.txt"	DEBUG:urllib3.connectionpool:http://api.brain-map.org:80 "GET /grid_data/download_file/120436988?image=injection_fraction&resolution=100 HTTP/1.1" 200 5574
./rebuild_oh_connectome.sh "experiments_exclude_updated.json" "../preprocessed/allen_template_inputs/oh_connectome_rgn_numbers_ccfv3.txt"	2026-01-23 15:31:40,790 allensdk.api.api.retrieve_file_over_http INFO     Downloading URL: http://api.brain-map.org/grid_data/download_file/120436988?image=projection_density&resolution=100
./rebuild_oh_connectome.sh "experiments_exclude_updated.json" "../preprocessed/allen_template_inputs/oh_connectome_rgn_numbers_ccfv3.txt"	INFO:allensdk.api.api.retrieve_file_over_http:Downloading URL: http://api.brain-map.org/grid_data/download_file/120436988?image=projection_density&resolution=100
./rebuild_oh_connectome.sh "experiments_exclude_updated.json" "../preprocessed/allen_template_inputs/oh_connectome_rgn_numbers_ccfv3.txt"	DEBUG:urllib3.connectionpool:Starting new HTTP connection (1): api.brain-map.org:80
./rebuild_oh_connectome.sh "experiments_exclude_updated.json" "../preprocessed/allen_template_inputs/oh_connectome_rgn_numbers_ccfv3.txt"	DEBUG:urllib3.connectionpool:http://api.brain-map.org:80 "GET /grid_data/download_file/120436988?image=projection_density&resolution=100 HTTP/1.1" 200 208347
./rebuild_oh_connectome.sh "experiments_exclude_updated.json" "../preprocessed/allen_template_inputs/oh_connectome_rgn_numbers_ccfv3.txt"	2026-01-23 15:31:42,728 allensdk.api.api.retrieve_file_over_http INFO     Downloading URL: http://api.brain-map.org/grid_data/download_file/126710034?image=data_mask&resolution=100
./rebuild_oh_connectome.sh "experiments_exclude_updated.json" "../preprocessed/allen_template_inputs/oh_connectome_rgn_numbers_ccfv3.txt"	INFO:allensdk.api.api.retrieve_file_over_http:Downloading URL: http://api.brain-map.org/grid_data/download_file/126710034?image=data_mask&resolution=100
./rebuild_oh_connectome.sh "experiments_exclude_updated.json" "../preprocessed/allen_template_inputs/oh_connectome_rgn_numbers_ccfv3.txt"	DEBUG:urllib3.connectionpool:Starting new HTTP connection (1): api.brain-map.org:80
./rebuild_oh_connectome.sh "experiments_exclude_updated.json" "../preprocessed/allen_template_inputs/oh_connectome_rgn_numbers_ccfv3.txt"	DEBUG:urllib3.connectionpool:http://api.brain-map.org:80 "GET /grid_data/download_file/126710034?image=data_mask&resolution=100 HTTP/1.1" 200 74400
./rebuild_oh_connectome.sh "experiments_exclude_updated.json" "../preprocessed/allen_template_inputs/oh_connectome_rgn_numbers_ccfv3.txt"	2026-01-23 15:31:43,747 allensdk.api.api.retrieve_file_over_http INFO     Downloading URL: http://api.brain-map.org/grid_data/download_file/126710034?image=injection_density&resolution=100
./rebuild_oh_connectome.sh "experiments_exclude_updated.json" "../preprocessed/allen_template_inputs/oh_connectome_rgn_numbers_ccfv3.txt"	INFO:allensdk.api.api.retrieve_file_over_http:Downloading URL: http://api.brain-map.org/grid_data/download_file/126710034?image=injection_density&resolution=100
./rebuild_oh_connectome.sh "experiments_exclude_updated.json" "../preprocessed/allen_template_inputs/oh_connectome_rgn_numbers_ccfv3.txt"	DEBUG:urllib3.connectionpool:Starting new HTTP connection (1): api.brain-map.org:80
./rebuild_oh_connectome.sh "experiments_exclude_updated.json" "../preprocessed/allen_template_inputs/oh_connectome_rgn_numbers_ccfv3.txt"	DEBUG:urllib3.connectionpool:http://api.brain-map.org:80 "GET /grid_data/download_file/126710034?image=injection_density&resolution=100 HTTP/1.1" 200 9647
./rebuild_oh_connectome.sh "experiments_exclude_updated.json" "../preprocessed/allen_template_inputs/oh_connectome_rgn_numbers_ccfv3.txt"	2026-01-23 15:31:43,962 allensdk.api.api.retrieve_file_over_http INFO     Downloading URL: http://api.brain-map.org/grid_data/download_file/126710034?image=injection_fraction&resolution=100
./rebuild_oh_connectome.sh "experiments_exclude_updated.json" "../preprocessed/allen_template_inputs/oh_connectome_rgn_numbers_ccfv3.txt"	INFO:allensdk.api.api.retrieve_file_over_http:Downloading URL: http://api.brain-map.org/grid_data/download_file/126710034?image=injection_fraction&resolution=100
./rebuild_oh_connectome.sh "experiments_exclude_updated.json" "../preprocessed/allen_template_inputs/oh_connectome_rgn_numbers_ccfv3.txt"	DEBUG:urllib3.connectionpool:Starting new HTTP connection (1): api.brain-map.org:80
./rebuild_oh_connectome.sh "experiments_exclude_updated.json" "../preprocessed/allen_template_inputs/oh_connectome_rgn_numbers_ccfv3.txt"	DEBUG:urllib3.connectionpool:http://api.brain-map.org:80 "GET /grid_data/download_file/126710034?image=injection_fraction&resolution=100 HTTP/1.1" 200 9284
./rebuild_oh_connectome.sh "experiments_exclude_updated.json" "../preprocessed/allen_template_inputs/oh_connectome_rgn_numbers_ccfv3.txt"	2026-01-23 15:31:44,492 allensdk.api.api.retrieve_file_over_http INFO     Downloading URL: http://api.brain-map.org/grid_data/download_file/126710034?image=projection_density&resolution=100
./rebuild_oh_connectome.sh "experiments_exclude_updated.json" "../preprocessed/allen_template_inputs/oh_connectome_rgn_numbers_ccfv3.txt"	INFO:allensdk.api.api.retrieve_file_over_http:Downloading URL: http://api.brain-map.org/grid_data/download_file/126710034?image=projection_density&resolution=100
./rebuild_oh_connectome.sh "experiments_exclude_updated.json" "../preprocessed/allen_template_inputs/oh_connectome_rgn_numbers_ccfv3.txt"	DEBUG:urllib3.connectionpool:Starting new HTTP connection (1): api.brain-map.org:80
./rebuild_oh_connectome.sh "experiments_exclude_updated.json" "../preprocessed/allen_template_inputs/oh_connectome_rgn_numbers_ccfv3.txt"	DEBUG:urllib3.connectionpool:http://api.brain-map.org:80 "GET /grid_data/download_file/126710034?image=projection_density&resolution=100 HTTP/1.1" 200 675181
./rebuild_oh_connectome.sh "experiments_exclude_updated.json" "../preprocessed/allen_template_inputs/oh_connectome_rgn_numbers_ccfv3.txt"	2026-01-23 15:31:57,589 allensdk.api.api.retrieve_file_over_http INFO     Downloading URL: http://api.brain-map.org/grid_data/download_file/127557915?image=data_mask&resolution=100
./rebuild_oh_connectome.sh "experiments_exclude_updated.json" "../preprocessed/allen_template_inputs/oh_connectome_rgn_numbers_ccfv3.txt"	INFO:allensdk.api.api.retrieve_file_over_http:Downloading URL: http://api.brain-map.org/grid_data/download_file/127557915?image=data_mask&resolution=100
./rebuild_oh_connectome.sh "experiments_exclude_updated.json" "../preprocessed/allen_template_inputs/oh_connectome_rgn_numbers_ccfv3.txt"	DEBUG:urllib3.connectionpool:Starting new HTTP connection (1): api.brain-map.org:80
./rebuild_oh_connectome.sh "experiments_exclude_updated.json" "../preprocessed/allen_template_inputs/oh_connectome_rgn_numbers_ccfv3.txt"	DEBUG:urllib3.connectionpool:http://api.brain-map.org:80 "GET /grid_data/download_file/127557915?image=data_mask&resolution=100 HTTP/1.1" 200 31766
./rebuild_oh_connectome.sh "experiments_exclude_updated.json" "../preprocessed/allen_template_inputs/oh_connectome_rgn_numbers_ccfv3.txt"	2026-01-23 15:31:59,455 allensdk.api.api.retrieve_file_over_http INFO     Downloading URL: http://api.brain-map.org/grid_data/download_file/127557915?image=injection_density&resolution=100
./rebuild_oh_connectome.sh "experiments_exclude_updated.json" "../preprocessed/allen_template_inputs/oh_connectome_rgn_numbers_ccfv3.txt"	INFO:allensdk.api.api.retrieve_file_over_http:Downloading URL: http://api.brain-map.org/grid_data/download_file/127557915?image=injection_density&resolution=100
./rebuild_oh_connectome.sh "experiments_exclude_updated.json" "../preprocessed/allen_template_inputs/oh_connectome_rgn_numbers_ccfv3.txt"	DEBUG:urllib3.connectionpool:Starting new HTTP connection (1): api.brain-map.org:80
./rebuild_oh_connectome.sh "experiments_exclude_updated.json" "../preprocessed/allen_template_inputs/oh_connectome_rgn_numbers_ccfv3.txt"	DEBUG:urllib3.connectionpool:http://api.brain-map.org:80 "GET /grid_data/download_file/127557915?image=injection_density&resolution=100 HTTP/1.1" 200 8790
./rebuild_oh_connectome.sh "experiments_exclude_updated.json" "../preprocessed/allen_template_inputs/oh_connectome_rgn_numbers_ccfv3.txt"	2026-01-23 15:32:00,172 allensdk.api.api.retrieve_file_over_http INFO     Downloading URL: http://api.brain-map.org/grid_data/download_file/127557915?image=injection_fraction&resolution=100
./rebuild_oh_connectome.sh "experiments_exclude_updated.json" "../preprocessed/allen_template_inputs/oh_connectome_rgn_numbers_ccfv3.txt"	INFO:allensdk.api.api.retrieve_file_over_http:Downloading URL: http://api.brain-map.org/grid_data/download_file/127557915?image=injection_fraction&resolution=100
./rebuild_oh_connectome.sh "experiments_exclude_updated.json" "../preprocessed/allen_template_inputs/oh_connectome_rgn_numbers_ccfv3.txt"	DEBUG:urllib3.connectionpool:Starting new HTTP connection (1): api.brain-map.org:80
./rebuild_oh_connectome.sh "experiments_exclude_updated.json" "../preprocessed/allen_template_inputs/oh_connectome_rgn_numbers_ccfv3.txt"	DEBUG:urllib3.connectionpool:http://api.brain-map.org:80 "GET /grid_data/download_file/127557915?image=injection_fraction&resolution=100 HTTP/1.1" 200 8571
./rebuild_oh_connectome.sh "experiments_exclude_updated.json" "../preprocessed/allen_template_inputs/oh_connectome_rgn_numbers_ccfv3.txt"	2026-01-23 15:32:01,655 allensdk.api.api.retrieve_file_over_http INFO     Downloading URL: http://api.brain-map.org/grid_data/download_file/127557915?image=projection_density&resolution=100
./rebuild_oh_connectome.sh "experiments_exclude_updated.json" "../preprocessed/allen_template_inputs/oh_connectome_rgn_numbers_ccfv3.txt"	INFO:allensdk.api.api.retrieve_file_over_http:Downloading URL: http://api.brain-map.org/grid_data/download_file/127557915?image=projection_density&resolution=100
./rebuild_oh_connectome.sh "experiments_exclude_updated.json" "../preprocessed/allen_template_inputs/oh_connectome_rgn_numbers_ccfv3.txt"	DEBUG:urllib3.connectionpool:Starting new HTTP connection (1): api.brain-map.org:80
./rebuild_oh_connectome.sh "experiments_exclude_updated.json" "../preprocessed/allen_template_inputs/oh_connectome_rgn_numbers_ccfv3.txt"	DEBUG:urllib3.connectionpool:http://api.brain-map.org:80 "GET /grid_data/download_file/127557915?image=projection_density&resolution=100 HTTP/1.1" 200 515392
./rebuild_oh_connectome.sh "experiments_exclude_updated.json" "../preprocessed/allen_template_inputs/oh_connectome_rgn_numbers_ccfv3.txt"	2026-01-23 15:32:10,418 allensdk.api.api.retrieve_file_over_http INFO     Downloading URL: http://api.brain-map.org/grid_data/download_file/127398177?image=data_mask&resolution=100
./rebuild_oh_connectome.sh "experiments_exclude_updated.json" "../preprocessed/allen_template_inputs/oh_connectome_rgn_numbers_ccfv3.txt"	INFO:allensdk.api.api.retrieve_file_over_http:Downloading URL: http://api.brain-map.org/grid_data/download_file/127398177?image=data_mask&resolution=100
./rebuild_oh_connectome.sh "experiments_exclude_updated.json" "../preprocessed/allen_template_inputs/oh_connectome_rgn_numbers_ccfv3.txt"	DEBUG:urllib3.connectionpool:Starting new HTTP connection (1): api.brain-map.org:80
./rebuild_oh_connectome.sh "experiments_exclude_updated.json" "../preprocessed/allen_template_inputs/oh_connectome_rgn_numbers_ccfv3.txt"	DEBUG:urllib3.connectionpool:http://api.brain-map.org:80 "GET /grid_data/download_file/127398177?image=data_mask&resolution=100 HTTP/1.1" 200 76583
./rebuild_oh_connectome.sh "experiments_exclude_updated.json" "../preprocessed/allen_template_inputs/oh_connectome_rgn_numbers_ccfv3.txt"	2026-01-23 15:32:11,535 allensdk.api.api.retrieve_file_over_http INFO     Downloading URL: http://api.brain-map.org/grid_data/download_file/127398177?image=injection_density&resolution=100
./rebuild_oh_connectome.sh "experiments_exclude_updated.json" "../preprocessed/allen_template_inputs/oh_connectome_rgn_numbers_ccfv3.txt"	INFO:allensdk.api.api.retrieve_file_over_http:Downloading URL: http://api.brain-map.org/grid_data/download_file/127398177?image=injection_density&resolution=100
./rebuild_oh_connectome.sh "experiments_exclude_updated.json" "../preprocessed/allen_template_inputs/oh_connectome_rgn_numbers_ccfv3.txt"	DEBUG:urllib3.connectionpool:Starting new HTTP connection (1): api.brain-map.org:80
./rebuild_oh_connectome.sh "experiments_exclude_updated.json" "../preprocessed/allen_template_inputs/oh_connectome_rgn_numbers_ccfv3.txt"	DEBUG:urllib3.connectionpool:http://api.brain-map.org:80 "GET /grid_data/download_file/127398177?image=injection_density&resolution=100 HTTP/1.1" 200 6609
./rebuild_oh_connectome.sh "experiments_exclude_updated.json" "../preprocessed/allen_template_inputs/oh_connectome_rgn_numbers_ccfv3.txt"	2026-01-23 15:32:12,648 allensdk.api.api.retrieve_file_over_http INFO     Downloading URL: http://api.brain-map.org/grid_data/download_file/127398177?image=injection_fraction&resolution=100
./rebuild_oh_connectome.sh "experiments_exclude_updated.json" "../preprocessed/allen_template_inputs/oh_connectome_rgn_numbers_ccfv3.txt"	INFO:allensdk.api.api.retrieve_file_over_http:Downloading URL: http://api.brain-map.org/grid_data/download_file/127398177?image=injection_fraction&resolution=100
./rebuild_oh_connectome.sh "experiments_exclude_updated.json" "../preprocessed/allen_template_inputs/oh_connectome_rgn_numbers_ccfv3.txt"	DEBUG:urllib3.connectionpool:Starting new HTTP connection (1): api.brain-map.org:80
./rebuild_oh_connectome.sh "experiments_exclude_updated.json" "../preprocessed/allen_template_inputs/oh_connectome_rgn_numbers_ccfv3.txt"	DEBUG:urllib3.connectionpool:http://api.brain-map.org:80 "GET /grid_data/download_file/127398177?image=injection_fraction&resolution=100 HTTP/1.1" 200 6639
./rebuild_oh_connectome.sh "experiments_exclude_updated.json" "../preprocessed/allen_template_inputs/oh_connectome_rgn_numbers_ccfv3.txt"	2026-01-23 15:32:13,142 allensdk.api.api.retrieve_file_over_http INFO     Downloading URL: http://api.brain-map.org/grid_data/download_file/127398177?image=projection_density&resolution=100
./rebuild_oh_connectome.sh "experiments_exclude_updated.json" "../preprocessed/allen_template_inputs/oh_connectome_rgn_numbers_ccfv3.txt"	INFO:allensdk.api.api.retrieve_file_over_http:Downloading URL: http://api.brain-map.org/grid_data/download_file/127398177?image=projection_density&resolution=100
./rebuild_oh_connectome.sh "experiments_exclude_updated.json" "../preprocessed/allen_template_inputs/oh_connectome_rgn_numbers_ccfv3.txt"	DEBUG:urllib3.connectionpool:Starting new HTTP connection (1): api.brain-map.org:80
./rebuild_oh_connectome.sh "experiments_exclude_updated.json" "../preprocessed/allen_template_inputs/oh_connectome_rgn_numbers_ccfv3.txt"	DEBUG:urllib3.connectionpool:http://api.brain-map.org:80 "GET /grid_data/download_file/127398177?image=projection_density&resolution=100 HTTP/1.1" 200 95219
./rebuild_oh_connectome.sh "experiments_exclude_updated.json" "../preprocessed/allen_template_inputs/oh_connectome_rgn_numbers_ccfv3.txt"	2026-01-23 15:32:16,313 allensdk.api.api.retrieve_file_over_http INFO     Downloading URL: http://api.brain-map.org/grid_data/download_file/127041832?image=data_mask&resolution=100
./rebuild_oh_connectome.sh "experiments_exclude_updated.json" "../preprocessed/allen_template_inputs/oh_connectome_rgn_numbers_ccfv3.txt"	INFO:allensdk.api.api.retrieve_file_over_http:Downloading URL: http://api.brain-map.org/grid_data/download_file/127041832?image=data_mask&resolution=100
./rebuild_oh_connectome.sh "experiments_exclude_updated.json" "../preprocessed/allen_template_inputs/oh_connectome_rgn_numbers_ccfv3.txt"	DEBUG:urllib3.connectionpool:Starting new HTTP connection (1): api.brain-map.org:80
./rebuild_oh_connectome.sh "experiments_exclude_updated.json" "../preprocessed/allen_template_inputs/oh_connectome_rgn_numbers_ccfv3.txt"	DEBUG:urllib3.connectionpool:http://api.brain-map.org:80 "GET /grid_data/download_file/127041832?image=data_mask&resolution=100 HTTP/1.1" 200 48812
./rebuild_oh_connectome.sh "experiments_exclude_updated.json" "../preprocessed/allen_template_inputs/oh_connectome_rgn_numbers_ccfv3.txt"	2026-01-23 15:32:17,453 allensdk.api.api.retrieve_file_over_http INFO     Downloading URL: http://api.brain-map.org/grid_data/download_file/127041832?image=injection_density&resolution=100
./rebuild_oh_connectome.sh "experiments_exclude_updated.json" "../preprocessed/allen_template_inputs/oh_connectome_rgn_numbers_ccfv3.txt"	INFO:allensdk.api.api.retrieve_file_over_http:Downloading URL: http://api.brain-map.org/grid_data/download_file/127041832?image=injection_density&resolution=100
./rebuild_oh_connectome.sh "experiments_exclude_updated.json" "../preprocessed/allen_template_inputs/oh_connectome_rgn_numbers_ccfv3.txt"	DEBUG:urllib3.connectionpool:Starting new HTTP connection (1): api.brain-map.org:80
./rebuild_oh_connectome.sh "experiments_exclude_updated.json" "../preprocessed/allen_template_inputs/oh_connectome_rgn_numbers_ccfv3.txt"	DEBUG:urllib3.connectionpool:http://api.brain-map.org:80 "GET /grid_data/download_file/127041832?image=injection_density&resolution=100 HTTP/1.1" 200 9154
./rebuild_oh_connectome.sh "experiments_exclude_updated.json" "../preprocessed/allen_template_inputs/oh_connectome_rgn_numbers_ccfv3.txt"	2026-01-23 15:32:17,665 allensdk.api.api.retrieve_file_over_http INFO     Downloading URL: http://api.brain-map.org/grid_data/download_file/127041832?image=injection_fraction&resolution=100
./rebuild_oh_connectome.sh "experiments_exclude_updated.json" "../preprocessed/allen_template_inputs/oh_connectome_rgn_numbers_ccfv3.txt"	INFO:allensdk.api.api.retrieve_file_over_http:Downloading URL: http://api.brain-map.org/grid_data/download_file/127041832?image=injection_fraction&resolution=100
./rebuild_oh_connectome.sh "experiments_exclude_updated.json" "../preprocessed/allen_template_inputs/oh_connectome_rgn_numbers_ccfv3.txt"	DEBUG:urllib3.connectionpool:Starting new HTTP connection (1): api.brain-map.org:80
./rebuild_oh_connectome.sh "experiments_exclude_updated.json" "../preprocessed/allen_template_inputs/oh_connectome_rgn_numbers_ccfv3.txt"	DEBUG:urllib3.connectionpool:http://api.brain-map.org:80 "GET /grid_data/download_file/127041832?image=injection_fraction&resolution=100 HTTP/1.1" 200 8868
./rebuild_oh_connectome.sh "experiments_exclude_updated.json" "../preprocessed/allen_template_inputs/oh_connectome_rgn_numbers_ccfv3.txt"	2026-01-23 15:32:18,279 allensdk.api.api.retrieve_file_over_http INFO     Downloading URL: http://api.brain-map.org/grid_data/download_file/127041832?image=projection_density&resolution=100
./rebuild_oh_connectome.sh "experiments_exclude_updated.json" "../preprocessed/allen_template_inputs/oh_connectome_rgn_numbers_ccfv3.txt"	INFO:allensdk.api.api.retrieve_file_over_http:Downloading URL: http://api.brain-map.org/grid_data/download_file/127041832?image=projection_density&resolution=100
./rebuild_oh_connectome.sh "experiments_exclude_updated.json" "../preprocessed/allen_template_inputs/oh_connectome_rgn_numbers_ccfv3.txt"	DEBUG:urllib3.connectionpool:Starting new HTTP connection (1): api.brain-map.org:80
./rebuild_oh_connectome.sh "experiments_exclude_updated.json" "../preprocessed/allen_template_inputs/oh_connectome_rgn_numbers_ccfv3.txt"	DEBUG:urllib3.connectionpool:http://api.brain-map.org:80 "GET /grid_data/download_file/127041832?image=projection_density&resolution=100 HTTP/1.1" 200 587194
./rebuild_oh_connectome.sh "experiments_exclude_updated.json" "../preprocessed/allen_template_inputs/oh_connectome_rgn_numbers_ccfv3.txt"	2026-01-23 15:32:28,484 allensdk.api.api.retrieve_file_over_http INFO     Downloading URL: http://api.brain-map.org/grid_data/download_file/642967852?image=data_mask&resolution=100
./rebuild_oh_connectome.sh "experiments_exclude_updated.json" "../preprocessed/allen_template_inputs/oh_connectome_rgn_numbers_ccfv3.txt"	INFO:allensdk.api.api.retrieve_file_over_http:Downloading URL: http://api.brain-map.org/grid_data/download_file/642967852?image=data_mask&resolution=100
./rebuild_oh_connectome.sh "experiments_exclude_updated.json" "../preprocessed/allen_template_inputs/oh_connectome_rgn_numbers_ccfv3.txt"	DEBUG:urllib3.connectionpool:Starting new HTTP connection (1): api.brain-map.org:80
./rebuild_oh_connectome.sh "experiments_exclude_updated.json" "../preprocessed/allen_template_inputs/oh_connectome_rgn_numbers_ccfv3.txt"	DEBUG:urllib3.connectionpool:http://api.brain-map.org:80 "GET /grid_data/download_file/642967852?image=data_mask&resolution=100 HTTP/1.1" 200 66940
./rebuild_oh_connectome.sh "experiments_exclude_updated.json" "../preprocessed/allen_template_inputs/oh_connectome_rgn_numbers_ccfv3.txt"	2026-01-23 15:32:29,400 allensdk.api.api.retrieve_file_over_http INFO     Downloading URL: http://api.brain-map.org/grid_data/download_file/642967852?image=injection_density&resolution=100
./rebuild_oh_connectome.sh "experiments_exclude_updated.json" "../preprocessed/allen_template_inputs/oh_connectome_rgn_numbers_ccfv3.txt"	INFO:allensdk.api.api.retrieve_file_over_http:Downloading URL: http://api.brain-map.org/grid_data/download_file/642967852?image=injection_density&resolution=100
./rebuild_oh_connectome.sh "experiments_exclude_updated.json" "../preprocessed/allen_template_inputs/oh_connectome_rgn_numbers_ccfv3.txt"	DEBUG:urllib3.connectionpool:Starting new HTTP connection (1): api.brain-map.org:80
./rebuild_oh_connectome.sh "experiments_exclude_updated.json" "../preprocessed/allen_template_inputs/oh_connectome_rgn_numbers_ccfv3.txt"	DEBUG:urllib3.connectionpool:http://api.brain-map.org:80 "GET /grid_data/download_file/642967852?image=injection_density&resolution=100 HTTP/1.1" 200 6916
./rebuild_oh_connectome.sh "experiments_exclude_updated.json" "../preprocessed/allen_template_inputs/oh_connectome_rgn_numbers_ccfv3.txt"	2026-01-23 15:32:30,024 allensdk.api.api.retrieve_file_over_http INFO     Downloading URL: http://api.brain-map.org/grid_data/download_file/642967852?image=injection_fraction&resolution=100
./rebuild_oh_connectome.sh "experiments_exclude_updated.json" "../preprocessed/allen_template_inputs/oh_connectome_rgn_numbers_ccfv3.txt"	INFO:allensdk.api.api.retrieve_file_over_http:Downloading URL: http://api.brain-map.org/grid_data/download_file/642967852?image=injection_fraction&resolution=100
./rebuild_oh_connectome.sh "experiments_exclude_updated.json" "../preprocessed/allen_template_inputs/oh_connectome_rgn_numbers_ccfv3.txt"	DEBUG:urllib3.connectionpool:Starting new HTTP connection (1): api.brain-map.org:80
./rebuild_oh_connectome.sh "experiments_exclude_updated.json" "../preprocessed/allen_template_inputs/oh_connectome_rgn_numbers_ccfv3.txt"	DEBUG:urllib3.connectionpool:http://api.brain-map.org:80 "GET /grid_data/download_file/642967852?image=injection_fraction&resolution=100 HTTP/1.1" 200 6924
./rebuild_oh_connectome.sh "experiments_exclude_updated.json" "../preprocessed/allen_template_inputs/oh_connectome_rgn_numbers_ccfv3.txt"	2026-01-23 15:32:30,313 allensdk.api.api.retrieve_file_over_http INFO     Downloading URL: http://api.brain-map.org/grid_data/download_file/642967852?image=projection_density&resolution=100
./rebuild_oh_connectome.sh "experiments_exclude_updated.json" "../preprocessed/allen_template_inputs/oh_connectome_rgn_numbers_ccfv3.txt"	INFO:allensdk.api.api.retrieve_file_over_http:Downloading URL: http://api.brain-map.org/grid_data/download_file/642967852?image=projection_density&resolution=100
./rebuild_oh_connectome.sh "experiments_exclude_updated.json" "../preprocessed/allen_template_inputs/oh_connectome_rgn_numbers_ccfv3.txt"	DEBUG:urllib3.connectionpool:Starting new HTTP connection (1): api.brain-map.org:80
./rebuild_oh_connectome.sh "experiments_exclude_updated.json" "../preprocessed/allen_template_inputs/oh_connectome_rgn_numbers_ccfv3.txt"	DEBUG:urllib3.connectionpool:http://api.brain-map.org:80 "GET /grid_data/download_file/642967852?image=projection_density&resolution=100 HTTP/1.1" 200 868816
./rebuild_oh_connectome.sh "experiments_exclude_updated.json" "../preprocessed/allen_template_inputs/oh_connectome_rgn_numbers_ccfv3.txt"	2026-01-23 15:32:50,221 allensdk.api.api.retrieve_file_over_http INFO     Downloading URL: http://api.brain-map.org/grid_data/download_file/126116142?image=data_mask&resolution=100
./rebuild_oh_connectome.sh "experiments_exclude_updated.json" "../preprocessed/allen_template_inputs/oh_connectome_rgn_numbers_ccfv3.txt"	INFO:allensdk.api.api.retrieve_file_over_http:Downloading URL: http://api.brain-map.org/grid_data/download_file/126116142?image=data_mask&resolution=100
./rebuild_oh_connectome.sh "experiments_exclude_updated.json" "../preprocessed/allen_template_inputs/oh_connectome_rgn_numbers_ccfv3.txt"	DEBUG:urllib3.connectionpool:Starting new HTTP connection (1): api.brain-map.org:80
./rebuild_oh_connectome.sh "experiments_exclude_updated.json" "../preprocessed/allen_template_inputs/oh_connectome_rgn_numbers_ccfv3.txt"	DEBUG:urllib3.connectionpool:http://api.brain-map.org:80 "GET /grid_data/download_file/126116142?image=data_mask&resolution=100 HTTP/1.1" 200 74541
./rebuild_oh_connectome.sh "experiments_exclude_updated.json" "../preprocessed/allen_template_inputs/oh_connectome_rgn_numbers_ccfv3.txt"	2026-01-23 15:32:51,621 allensdk.api.api.retrieve_file_over_http INFO     Downloading URL: http://api.brain-map.org/grid_data/download_file/126116142?image=injection_density&resolution=100
./rebuild_oh_connectome.sh "experiments_exclude_updated.json" "../preprocessed/allen_template_inputs/oh_connectome_rgn_numbers_ccfv3.txt"	INFO:allensdk.api.api.retrieve_file_over_http:Downloading URL: http://api.brain-map.org/grid_data/download_file/126116142?image=injection_density&resolution=100
./rebuild_oh_connectome.sh "experiments_exclude_updated.json" "../preprocessed/allen_template_inputs/oh_connectome_rgn_numbers_ccfv3.txt"	DEBUG:urllib3.connectionpool:Starting new HTTP connection (1): api.brain-map.org:80
./rebuild_oh_connectome.sh "experiments_exclude_updated.json" "../preprocessed/allen_template_inputs/oh_connectome_rgn_numbers_ccfv3.txt"	DEBUG:urllib3.connectionpool:http://api.brain-map.org:80 "GET /grid_data/download_file/126116142?image=injection_density&resolution=100 HTTP/1.1" 200 9646
./rebuild_oh_connectome.sh "experiments_exclude_updated.json" "../preprocessed/allen_template_inputs/oh_connectome_rgn_numbers_ccfv3.txt"	2026-01-23 15:32:53,142 allensdk.api.api.retrieve_file_over_http INFO     Downloading URL: http://api.brain-map.org/grid_data/download_file/126116142?image=injection_fraction&resolution=100
./rebuild_oh_connectome.sh "experiments_exclude_updated.json" "../preprocessed/allen_template_inputs/oh_connectome_rgn_numbers_ccfv3.txt"	INFO:allensdk.api.api.retrieve_file_over_http:Downloading URL: http://api.brain-map.org/grid_data/download_file/126116142?image=injection_fraction&resolution=100
./rebuild_oh_connectome.sh "experiments_exclude_updated.json" "../preprocessed/allen_template_inputs/oh_connectome_rgn_numbers_ccfv3.txt"	DEBUG:urllib3.connectionpool:Starting new HTTP connection (1): api.brain-map.org:80
./rebuild_oh_connectome.sh "experiments_exclude_updated.json" "../preprocessed/allen_template_inputs/oh_connectome_rgn_numbers_ccfv3.txt"	DEBUG:urllib3.connectionpool:http://api.brain-map.org:80 "GET /grid_data/download_file/126116142?image=injection_fraction&resolution=100 HTTP/1.1" 200 9398
./rebuild_oh_connectome.sh "experiments_exclude_updated.json" "../preprocessed/allen_template_inputs/oh_connectome_rgn_numbers_ccfv3.txt"	2026-01-23 15:32:53,476 allensdk.api.api.retrieve_file_over_http INFO     Downloading URL: http://api.brain-map.org/grid_data/download_file/126116142?image=projection_density&resolution=100
./rebuild_oh_connectome.sh "experiments_exclude_updated.json" "../preprocessed/allen_template_inputs/oh_connectome_rgn_numbers_ccfv3.txt"	INFO:allensdk.api.api.retrieve_file_over_http:Downloading URL: http://api.brain-map.org/grid_data/download_file/126116142?image=projection_density&resolution=100
./rebuild_oh_connectome.sh "experiments_exclude_updated.json" "../preprocessed/allen_template_inputs/oh_connectome_rgn_numbers_ccfv3.txt"	DEBUG:urllib3.connectionpool:Starting new HTTP connection (1): api.brain-map.org:80
./rebuild_oh_connectome.sh "experiments_exclude_updated.json" "../preprocessed/allen_template_inputs/oh_connectome_rgn_numbers_ccfv3.txt"	DEBUG:urllib3.connectionpool:http://api.brain-map.org:80 "GET /grid_data/download_file/126116142?image=projection_density&resolution=100 HTTP/1.1" 200 450218
./rebuild_oh_connectome.sh "experiments_exclude_updated.json" "../preprocessed/allen_template_inputs/oh_connectome_rgn_numbers_ccfv3.txt"	2026-01-23 15:32:56,973 allensdk.api.api.retrieve_file_over_http INFO     Downloading URL: http://api.brain-map.org/grid_data/download_file/113936696?image=data_mask&resolution=100
./rebuild_oh_connectome.sh "experiments_exclude_updated.json" "../preprocessed/allen_template_inputs/oh_connectome_rgn_numbers_ccfv3.txt"	INFO:allensdk.api.api.retrieve_file_over_http:Downloading URL: http://api.brain-map.org/grid_data/download_file/113936696?image=data_mask&resolution=100
./rebuild_oh_connectome.sh "experiments_exclude_updated.json" "../preprocessed/allen_template_inputs/oh_connectome_rgn_numbers_ccfv3.txt"	DEBUG:urllib3.connectionpool:Starting new HTTP connection (1): api.brain-map.org:80
./rebuild_oh_connectome.sh "experiments_exclude_updated.json" "../preprocessed/allen_template_inputs/oh_connectome_rgn_numbers_ccfv3.txt"	DEBUG:urllib3.connectionpool:http://api.brain-map.org:80 "GET /grid_data/download_file/113936696?image=data_mask&resolution=100 HTTP/1.1" 200 87689
./rebuild_oh_connectome.sh "experiments_exclude_updated.json" "../preprocessed/allen_template_inputs/oh_connectome_rgn_numbers_ccfv3.txt"	2026-01-23 15:32:59,864 allensdk.api.api.retrieve_file_over_http INFO     Downloading URL: http://api.brain-map.org/grid_data/download_file/113936696?image=injection_density&resolution=100
./rebuild_oh_connectome.sh "experiments_exclude_updated.json" "../preprocessed/allen_template_inputs/oh_connectome_rgn_numbers_ccfv3.txt"	INFO:allensdk.api.api.retrieve_file_over_http:Downloading URL: http://api.brain-map.org/grid_data/download_file/113936696?image=injection_density&resolution=100
./rebuild_oh_connectome.sh "experiments_exclude_updated.json" "../preprocessed/allen_template_inputs/oh_connectome_rgn_numbers_ccfv3.txt"	DEBUG:urllib3.connectionpool:Starting new HTTP connection (1): api.brain-map.org:80
./rebuild_oh_connectome.sh "experiments_exclude_updated.json" "../preprocessed/allen_template_inputs/oh_connectome_rgn_numbers_ccfv3.txt"	DEBUG:urllib3.connectionpool:http://api.brain-map.org:80 "GET /grid_data/download_file/113936696?image=injection_density&resolution=100 HTTP/1.1" 200 7746
./rebuild_oh_connectome.sh "experiments_exclude_updated.json" "../preprocessed/allen_template_inputs/oh_connectome_rgn_numbers_ccfv3.txt"	2026-01-23 15:33:00,070 allensdk.api.api.retrieve_file_over_http INFO     Downloading URL: http://api.brain-map.org/grid_data/download_file/113936696?image=injection_fraction&resolution=100
./rebuild_oh_connectome.sh "experiments_exclude_updated.json" "../preprocessed/allen_template_inputs/oh_connectome_rgn_numbers_ccfv3.txt"	INFO:allensdk.api.api.retrieve_file_over_http:Downloading URL: http://api.brain-map.org/grid_data/download_file/113936696?image=injection_fraction&resolution=100
./rebuild_oh_connectome.sh "experiments_exclude_updated.json" "../preprocessed/allen_template_inputs/oh_connectome_rgn_numbers_ccfv3.txt"	DEBUG:urllib3.connectionpool:Starting new HTTP connection (1): api.brain-map.org:80
./rebuild_oh_connectome.sh "experiments_exclude_updated.json" "../preprocessed/allen_template_inputs/oh_connectome_rgn_numbers_ccfv3.txt"	DEBUG:urllib3.connectionpool:http://api.brain-map.org:80 "GET /grid_data/download_file/113936696?image=injection_fraction&resolution=100 HTTP/1.1" 200 7726
./rebuild_oh_connectome.sh "experiments_exclude_updated.json" "../preprocessed/allen_template_inputs/oh_connectome_rgn_numbers_ccfv3.txt"	2026-01-23 15:33:00,715 allensdk.api.api.retrieve_file_over_http INFO     Downloading URL: http://api.brain-map.org/grid_data/download_file/113936696?image=projection_density&resolution=100
./rebuild_oh_connectome.sh "experiments_exclude_updated.json" "../preprocessed/allen_template_inputs/oh_connectome_rgn_numbers_ccfv3.txt"	INFO:allensdk.api.api.retrieve_file_over_http:Downloading URL: http://api.brain-map.org/grid_data/download_file/113936696?image=projection_density&resolution=100
./rebuild_oh_connectome.sh "experiments_exclude_updated.json" "../preprocessed/allen_template_inputs/oh_connectome_rgn_numbers_ccfv3.txt"	DEBUG:urllib3.connectionpool:Starting new HTTP connection (1): api.brain-map.org:80
./rebuild_oh_connectome.sh "experiments_exclude_updated.json" "../preprocessed/allen_template_inputs/oh_connectome_rgn_numbers_ccfv3.txt"	DEBUG:urllib3.connectionpool:http://api.brain-map.org:80 "GET /grid_data/download_file/113936696?image=projection_density&resolution=100 HTTP/1.1" 200 296131
./rebuild_oh_connectome.sh "experiments_exclude_updated.json" "../preprocessed/allen_template_inputs/oh_connectome_rgn_numbers_ccfv3.txt"	2026-01-23 15:33:07,131 allensdk.api.api.retrieve_file_over_http INFO     Downloading URL: http://api.brain-map.org/grid_data/download_file/180717881?image=data_mask&resolution=100
./rebuild_oh_connectome.sh "experiments_exclude_updated.json" "../preprocessed/allen_template_inputs/oh_connectome_rgn_numbers_ccfv3.txt"	INFO:allensdk.api.api.retrieve_file_over_http:Downloading URL: http://api.brain-map.org/grid_data/download_file/180717881?image=data_mask&resolution=100
./rebuild_oh_connectome.sh "experiments_exclude_updated.json" "../preprocessed/allen_template_inputs/oh_connectome_rgn_numbers_ccfv3.txt"	DEBUG:urllib3.connectionpool:Starting new HTTP connection (1): api.brain-map.org:80
./rebuild_oh_connectome.sh "experiments_exclude_updated.json" "../preprocessed/allen_template_inputs/oh_connectome_rgn_numbers_ccfv3.txt"	DEBUG:urllib3.connectionpool:http://api.brain-map.org:80 "GET /grid_data/download_file/180717881?image=data_mask&resolution=100 HTTP/1.1" 200 49421
./rebuild_oh_connectome.sh "experiments_exclude_updated.json" "../preprocessed/allen_template_inputs/oh_connectome_rgn_numbers_ccfv3.txt"	2026-01-23 15:33:07,844 allensdk.api.api.retrieve_file_over_http INFO     Downloading URL: http://api.brain-map.org/grid_data/download_file/180717881?image=injection_density&resolution=100
./rebuild_oh_connectome.sh "experiments_exclude_updated.json" "../preprocessed/allen_template_inputs/oh_connectome_rgn_numbers_ccfv3.txt"	INFO:allensdk.api.api.retrieve_file_over_http:Downloading URL: http://api.brain-map.org/grid_data/download_file/180717881?image=injection_density&resolution=100
./rebuild_oh_connectome.sh "experiments_exclude_updated.json" "../preprocessed/allen_template_inputs/oh_connectome_rgn_numbers_ccfv3.txt"	DEBUG:urllib3.connectionpool:Starting new HTTP connection (1): api.brain-map.org:80
./rebuild_oh_connectome.sh "experiments_exclude_updated.json" "../preprocessed/allen_template_inputs/oh_connectome_rgn_numbers_ccfv3.txt"	DEBUG:urllib3.connectionpool:http://api.brain-map.org:80 "GET /grid_data/download_file/180717881?image=injection_density&resolution=100 HTTP/1.1" 200 10284
./rebuild_oh_connectome.sh "experiments_exclude_updated.json" "../preprocessed/allen_template_inputs/oh_connectome_rgn_numbers_ccfv3.txt"	2026-01-23 15:33:08,391 allensdk.api.api.retrieve_file_over_http INFO     Downloading URL: http://api.brain-map.org/grid_data/download_file/180717881?image=injection_fraction&resolution=100
./rebuild_oh_connectome.sh "experiments_exclude_updated.json" "../preprocessed/allen_template_inputs/oh_connectome_rgn_numbers_ccfv3.txt"	INFO:allensdk.api.api.retrieve_file_over_http:Downloading URL: http://api.brain-map.org/grid_data/download_file/180717881?image=injection_fraction&resolution=100
./rebuild_oh_connectome.sh "experiments_exclude_updated.json" "../preprocessed/allen_template_inputs/oh_connectome_rgn_numbers_ccfv3.txt"	DEBUG:urllib3.connectionpool:Starting new HTTP connection (1): api.brain-map.org:80
./rebuild_oh_connectome.sh "experiments_exclude_updated.json" "../preprocessed/allen_template_inputs/oh_connectome_rgn_numbers_ccfv3.txt"	DEBUG:urllib3.connectionpool:http://api.brain-map.org:80 "GET /grid_data/download_file/180717881?image=injection_fraction&resolution=100 HTTP/1.1" 200 10286
./rebuild_oh_connectome.sh "experiments_exclude_updated.json" "../preprocessed/allen_template_inputs/oh_connectome_rgn_numbers_ccfv3.txt"	2026-01-23 15:33:08,743 allensdk.api.api.retrieve_file_over_http INFO     Downloading URL: http://api.brain-map.org/grid_data/download_file/180717881?image=projection_density&resolution=100
./rebuild_oh_connectome.sh "experiments_exclude_updated.json" "../preprocessed/allen_template_inputs/oh_connectome_rgn_numbers_ccfv3.txt"	INFO:allensdk.api.api.retrieve_file_over_http:Downloading URL: http://api.brain-map.org/grid_data/download_file/180717881?image=projection_density&resolution=100
./rebuild_oh_connectome.sh "experiments_exclude_updated.json" "../preprocessed/allen_template_inputs/oh_connectome_rgn_numbers_ccfv3.txt"	DEBUG:urllib3.connectionpool:Starting new HTTP connection (1): api.brain-map.org:80
./rebuild_oh_connectome.sh "experiments_exclude_updated.json" "../preprocessed/allen_template_inputs/oh_connectome_rgn_numbers_ccfv3.txt"	DEBUG:urllib3.connectionpool:http://api.brain-map.org:80 "GET /grid_data/download_file/180717881?image=projection_density&resolution=100 HTTP/1.1" 200 641738
./rebuild_oh_connectome.sh "experiments_exclude_updated.json" "../preprocessed/allen_template_inputs/oh_connectome_rgn_numbers_ccfv3.txt"	2026-01-23 15:33:18,983 allensdk.api.api.retrieve_file_over_http INFO     Downloading URL: http://api.brain-map.org/grid_data/download_file/272738620?image=data_mask&resolution=100
./rebuild_oh_connectome.sh "experiments_exclude_updated.json" "../preprocessed/allen_template_inputs/oh_connectome_rgn_numbers_ccfv3.txt"	INFO:allensdk.api.api.retrieve_file_over_http:Downloading URL: http://api.brain-map.org/grid_data/download_file/272738620?image=data_mask&resolution=100
./rebuild_oh_connectome.sh "experiments_exclude_updated.json" "../preprocessed/allen_template_inputs/oh_connectome_rgn_numbers_ccfv3.txt"	DEBUG:urllib3.connectionpool:Starting new HTTP connection (1): api.brain-map.org:80
./rebuild_oh_connectome.sh "experiments_exclude_updated.json" "../preprocessed/allen_template_inputs/oh_connectome_rgn_numbers_ccfv3.txt"	DEBUG:urllib3.connectionpool:http://api.brain-map.org:80 "GET /grid_data/download_file/272738620?image=data_mask&resolution=100 HTTP/1.1" 200 62445
./rebuild_oh_connectome.sh "experiments_exclude_updated.json" "../preprocessed/allen_template_inputs/oh_connectome_rgn_numbers_ccfv3.txt"	2026-01-23 15:33:19,972 allensdk.api.api.retrieve_file_over_http INFO     Downloading URL: http://api.brain-map.org/grid_data/download_file/272738620?image=injection_density&resolution=100
./rebuild_oh_connectome.sh "experiments_exclude_updated.json" "../preprocessed/allen_template_inputs/oh_connectome_rgn_numbers_ccfv3.txt"	INFO:allensdk.api.api.retrieve_file_over_http:Downloading URL: http://api.brain-map.org/grid_data/download_file/272738620?image=injection_density&resolution=100
./rebuild_oh_connectome.sh "experiments_exclude_updated.json" "../preprocessed/allen_template_inputs/oh_connectome_rgn_numbers_ccfv3.txt"	DEBUG:urllib3.connectionpool:Starting new HTTP connection (1): api.brain-map.org:80
./rebuild_oh_connectome.sh "experiments_exclude_updated.json" "../preprocessed/allen_template_inputs/oh_connectome_rgn_numbers_ccfv3.txt"	DEBUG:urllib3.connectionpool:http://api.brain-map.org:80 "GET /grid_data/download_file/272738620?image=injection_density&resolution=100 HTTP/1.1" 200 7088
./rebuild_oh_connectome.sh "experiments_exclude_updated.json" "../preprocessed/allen_template_inputs/oh_connectome_rgn_numbers_ccfv3.txt"	2026-01-23 15:33:20,188 allensdk.api.api.retrieve_file_over_http INFO     Downloading URL: http://api.brain-map.org/grid_data/download_file/272738620?image=injection_fraction&resolution=100
./rebuild_oh_connectome.sh "experiments_exclude_updated.json" "../preprocessed/allen_template_inputs/oh_connectome_rgn_numbers_ccfv3.txt"	INFO:allensdk.api.api.retrieve_file_over_http:Downloading URL: http://api.brain-map.org/grid_data/download_file/272738620?image=injection_fraction&resolution=100
./rebuild_oh_connectome.sh "experiments_exclude_updated.json" "../preprocessed/allen_template_inputs/oh_connectome_rgn_numbers_ccfv3.txt"	DEBUG:urllib3.connectionpool:Starting new HTTP connection (1): api.brain-map.org:80
./rebuild_oh_connectome.sh "experiments_exclude_updated.json" "../preprocessed/allen_template_inputs/oh_connectome_rgn_numbers_ccfv3.txt"	DEBUG:urllib3.connectionpool:http://api.brain-map.org:80 "GET /grid_data/download_file/272738620?image=injection_fraction&resolution=100 HTTP/1.1" 200 7085
./rebuild_oh_connectome.sh "experiments_exclude_updated.json" "../preprocessed/allen_template_inputs/oh_connectome_rgn_numbers_ccfv3.txt"	2026-01-23 15:33:21,887 allensdk.api.api.retrieve_file_over_http INFO     Downloading URL: http://api.brain-map.org/grid_data/download_file/272738620?image=projection_density&resolution=100
./rebuild_oh_connectome.sh "experiments_exclude_updated.json" "../preprocessed/allen_template_inputs/oh_connectome_rgn_numbers_ccfv3.txt"	INFO:allensdk.api.api.retrieve_file_over_http:Downloading URL: http://api.brain-map.org/grid_data/download_file/272738620?image=projection_density&resolution=100
./rebuild_oh_connectome.sh "experiments_exclude_updated.json" "../preprocessed/allen_template_inputs/oh_connectome_rgn_numbers_ccfv3.txt"	DEBUG:urllib3.connectionpool:Starting new HTTP connection (1): api.brain-map.org:80
./rebuild_oh_connectome.sh "experiments_exclude_updated.json" "../preprocessed/allen_template_inputs/oh_connectome_rgn_numbers_ccfv3.txt"	DEBUG:urllib3.connectionpool:http://api.brain-map.org:80 "GET /grid_data/download_file/272738620?image=projection_density&resolution=100 HTTP/1.1" 200 416598
./rebuild_oh_connectome.sh "experiments_exclude_updated.json" "../preprocessed/allen_template_inputs/oh_connectome_rgn_numbers_ccfv3.txt"	2026-01-23 15:33:29,977 allensdk.api.api.retrieve_file_over_http INFO     Downloading URL: http://api.brain-map.org/grid_data/download_file/272875838?image=data_mask&resolution=100
./rebuild_oh_connectome.sh "experiments_exclude_updated.json" "../preprocessed/allen_template_inputs/oh_connectome_rgn_numbers_ccfv3.txt"	INFO:allensdk.api.api.retrieve_file_over_http:Downloading URL: http://api.brain-map.org/grid_data/download_file/272875838?image=data_mask&resolution=100
./rebuild_oh_connectome.sh "experiments_exclude_updated.json" "../preprocessed/allen_template_inputs/oh_connectome_rgn_numbers_ccfv3.txt"	DEBUG:urllib3.connectionpool:Starting new HTTP connection (1): api.brain-map.org:80
./rebuild_oh_connectome.sh "experiments_exclude_updated.json" "../preprocessed/allen_template_inputs/oh_connectome_rgn_numbers_ccfv3.txt"	DEBUG:urllib3.connectionpool:http://api.brain-map.org:80 "GET /grid_data/download_file/272875838?image=data_mask&resolution=100 HTTP/1.1" 200 68457
./rebuild_oh_connectome.sh "experiments_exclude_updated.json" "../preprocessed/allen_template_inputs/oh_connectome_rgn_numbers_ccfv3.txt"	2026-01-23 15:33:30,849 allensdk.api.api.retrieve_file_over_http INFO     Downloading URL: http://api.brain-map.org/grid_data/download_file/272875838?image=injection_density&resolution=100
./rebuild_oh_connectome.sh "experiments_exclude_updated.json" "../preprocessed/allen_template_inputs/oh_connectome_rgn_numbers_ccfv3.txt"	INFO:allensdk.api.api.retrieve_file_over_http:Downloading URL: http://api.brain-map.org/grid_data/download_file/272875838?image=injection_density&resolution=100
./rebuild_oh_connectome.sh "experiments_exclude_updated.json" "../preprocessed/allen_template_inputs/oh_connectome_rgn_numbers_ccfv3.txt"	DEBUG:urllib3.connectionpool:Starting new HTTP connection (1): api.brain-map.org:80
./rebuild_oh_connectome.sh "experiments_exclude_updated.json" "../preprocessed/allen_template_inputs/oh_connectome_rgn_numbers_ccfv3.txt"	DEBUG:urllib3.connectionpool:http://api.brain-map.org:80 "GET /grid_data/download_file/272875838?image=injection_density&resolution=100 HTTP/1.1" 200 8190
./rebuild_oh_connectome.sh "experiments_exclude_updated.json" "../preprocessed/allen_template_inputs/oh_connectome_rgn_numbers_ccfv3.txt"	2026-01-23 15:33:31,060 allensdk.api.api.retrieve_file_over_http INFO     Downloading URL: http://api.brain-map.org/grid_data/download_file/272875838?image=injection_fraction&resolution=100
./rebuild_oh_connectome.sh "experiments_exclude_updated.json" "../preprocessed/allen_template_inputs/oh_connectome_rgn_numbers_ccfv3.txt"	INFO:allensdk.api.api.retrieve_file_over_http:Downloading URL: http://api.brain-map.org/grid_data/download_file/272875838?image=injection_fraction&resolution=100
./rebuild_oh_connectome.sh "experiments_exclude_updated.json" "../preprocessed/allen_template_inputs/oh_connectome_rgn_numbers_ccfv3.txt"	DEBUG:urllib3.connectionpool:Starting new HTTP connection (1): api.brain-map.org:80
./rebuild_oh_connectome.sh "experiments_exclude_updated.json" "../preprocessed/allen_template_inputs/oh_connectome_rgn_numbers_ccfv3.txt"	DEBUG:urllib3.connectionpool:http://api.brain-map.org:80 "GET /grid_data/download_file/272875838?image=injection_fraction&resolution=100 HTTP/1.1" 200 8167
./rebuild_oh_connectome.sh "experiments_exclude_updated.json" "../preprocessed/allen_template_inputs/oh_connectome_rgn_numbers_ccfv3.txt"	2026-01-23 15:33:31,909 allensdk.api.api.retrieve_file_over_http INFO     Downloading URL: http://api.brain-map.org/grid_data/download_file/272875838?image=projection_density&resolution=100
./rebuild_oh_connectome.sh "experiments_exclude_updated.json" "../preprocessed/allen_template_inputs/oh_connectome_rgn_numbers_ccfv3.txt"	INFO:allensdk.api.api.retrieve_file_over_http:Downloading URL: http://api.brain-map.org/grid_data/download_file/272875838?image=projection_density&resolution=100
./rebuild_oh_connectome.sh "experiments_exclude_updated.json" "../preprocessed/allen_template_inputs/oh_connectome_rgn_numbers_ccfv3.txt"	DEBUG:urllib3.connectionpool:Starting new HTTP connection (1): api.brain-map.org:80
./rebuild_oh_connectome.sh "experiments_exclude_updated.json" "../preprocessed/allen_template_inputs/oh_connectome_rgn_numbers_ccfv3.txt"	DEBUG:urllib3.connectionpool:http://api.brain-map.org:80 "GET /grid_data/download_file/272875838?image=projection_density&resolution=100 HTTP/1.1" 200 482895
./rebuild_oh_connectome.sh "experiments_exclude_updated.json" "../preprocessed/allen_template_inputs/oh_connectome_rgn_numbers_ccfv3.txt"	2026-01-23 15:33:41,213 allensdk.api.api.retrieve_file_over_http INFO     Downloading URL: http://api.brain-map.org/grid_data/download_file/113400134?image=data_mask&resolution=100
./rebuild_oh_connectome.sh "experiments_exclude_updated.json" "../preprocessed/allen_template_inputs/oh_connectome_rgn_numbers_ccfv3.txt"	INFO:allensdk.api.api.retrieve_file_over_http:Downloading URL: http://api.brain-map.org/grid_data/download_file/113400134?image=data_mask&resolution=100
./rebuild_oh_connectome.sh "experiments_exclude_updated.json" "../preprocessed/allen_template_inputs/oh_connectome_rgn_numbers_ccfv3.txt"	DEBUG:urllib3.connectionpool:Starting new HTTP connection (1): api.brain-map.org:80
./rebuild_oh_connectome.sh "experiments_exclude_updated.json" "../preprocessed/allen_template_inputs/oh_connectome_rgn_numbers_ccfv3.txt"	DEBUG:urllib3.connectionpool:http://api.brain-map.org:80 "GET /grid_data/download_file/113400134?image=data_mask&resolution=100 HTTP/1.1" 200 114831
./rebuild_oh_connectome.sh "experiments_exclude_updated.json" "../preprocessed/allen_template_inputs/oh_connectome_rgn_numbers_ccfv3.txt"	2026-01-23 15:33:42,919 allensdk.api.api.retrieve_file_over_http INFO     Downloading URL: http://api.brain-map.org/grid_data/download_file/113400134?image=injection_density&resolution=100
./rebuild_oh_connectome.sh "experiments_exclude_updated.json" "../preprocessed/allen_template_inputs/oh_connectome_rgn_numbers_ccfv3.txt"	INFO:allensdk.api.api.retrieve_file_over_http:Downloading URL: http://api.brain-map.org/grid_data/download_file/113400134?image=injection_density&resolution=100
./rebuild_oh_connectome.sh "experiments_exclude_updated.json" "../preprocessed/allen_template_inputs/oh_connectome_rgn_numbers_ccfv3.txt"	DEBUG:urllib3.connectionpool:Starting new HTTP connection (1): api.brain-map.org:80
./rebuild_oh_connectome.sh "experiments_exclude_updated.json" "../preprocessed/allen_template_inputs/oh_connectome_rgn_numbers_ccfv3.txt"	DEBUG:urllib3.connectionpool:http://api.brain-map.org:80 "GET /grid_data/download_file/113400134?image=injection_density&resolution=100 HTTP/1.1" 200 13976
./rebuild_oh_connectome.sh "experiments_exclude_updated.json" "../preprocessed/allen_template_inputs/oh_connectome_rgn_numbers_ccfv3.txt"	2026-01-23 15:33:44,271 allensdk.api.api.retrieve_file_over_http INFO     Downloading URL: http://api.brain-map.org/grid_data/download_file/113400134?image=injection_fraction&resolution=100
./rebuild_oh_connectome.sh "experiments_exclude_updated.json" "../preprocessed/allen_template_inputs/oh_connectome_rgn_numbers_ccfv3.txt"	INFO:allensdk.api.api.retrieve_file_over_http:Downloading URL: http://api.brain-map.org/grid_data/download_file/113400134?image=injection_fraction&resolution=100
./rebuild_oh_connectome.sh "experiments_exclude_updated.json" "../preprocessed/allen_template_inputs/oh_connectome_rgn_numbers_ccfv3.txt"	DEBUG:urllib3.connectionpool:Starting new HTTP connection (1): api.brain-map.org:80
./rebuild_oh_connectome.sh "experiments_exclude_updated.json" "../preprocessed/allen_template_inputs/oh_connectome_rgn_numbers_ccfv3.txt"	DEBUG:urllib3.connectionpool:http://api.brain-map.org:80 "GET /grid_data/download_file/113400134?image=injection_fraction&resolution=100 HTTP/1.1" 200 12070
./rebuild_oh_connectome.sh "experiments_exclude_updated.json" "../preprocessed/allen_template_inputs/oh_connectome_rgn_numbers_ccfv3.txt"	2026-01-23 15:33:44,567 allensdk.api.api.retrieve_file_over_http INFO     Downloading URL: http://api.brain-map.org/grid_data/download_file/113400134?image=projection_density&resolution=100
./rebuild_oh_connectome.sh "experiments_exclude_updated.json" "../preprocessed/allen_template_inputs/oh_connectome_rgn_numbers_ccfv3.txt"	INFO:allensdk.api.api.retrieve_file_over_http:Downloading URL: http://api.brain-map.org/grid_data/download_file/113400134?image=projection_density&resolution=100
./rebuild_oh_connectome.sh "experiments_exclude_updated.json" "../preprocessed/allen_template_inputs/oh_connectome_rgn_numbers_ccfv3.txt"	DEBUG:urllib3.connectionpool:Starting new HTTP connection (1): api.brain-map.org:80
./rebuild_oh_connectome.sh "experiments_exclude_updated.json" "../preprocessed/allen_template_inputs/oh_connectome_rgn_numbers_ccfv3.txt"	DEBUG:urllib3.connectionpool:http://api.brain-map.org:80 "GET /grid_data/download_file/113400134?image=projection_density&resolution=100 HTTP/1.1" 200 822131
./rebuild_oh_connectome.sh "experiments_exclude_updated.json" "../preprocessed/allen_template_inputs/oh_connectome_rgn_numbers_ccfv3.txt"	2026-01-23 15:34:04,813 allensdk.api.api.retrieve_file_over_http INFO     Downloading URL: http://api.brain-map.org/grid_data/download_file/146747721?image=data_mask&resolution=100
./rebuild_oh_connectome.sh "experiments_exclude_updated.json" "../preprocessed/allen_template_inputs/oh_connectome_rgn_numbers_ccfv3.txt"	INFO:allensdk.api.api.retrieve_file_over_http:Downloading URL: http://api.brain-map.org/grid_data/download_file/146747721?image=data_mask&resolution=100
./rebuild_oh_connectome.sh "experiments_exclude_updated.json" "../preprocessed/allen_template_inputs/oh_connectome_rgn_numbers_ccfv3.txt"	DEBUG:urllib3.connectionpool:Starting new HTTP connection (1): api.brain-map.org:80
./rebuild_oh_connectome.sh "experiments_exclude_updated.json" "../preprocessed/allen_template_inputs/oh_connectome_rgn_numbers_ccfv3.txt"	DEBUG:urllib3.connectionpool:http://api.brain-map.org:80 "GET /grid_data/download_file/146747721?image=data_mask&resolution=100 HTTP/1.1" 200 85247
./rebuild_oh_connectome.sh "experiments_exclude_updated.json" "../preprocessed/allen_template_inputs/oh_connectome_rgn_numbers_ccfv3.txt"	2026-01-23 15:34:05,491 allensdk.api.api.retrieve_file_over_http INFO     Downloading URL: http://api.brain-map.org/grid_data/download_file/146747721?image=injection_density&resolution=100
./rebuild_oh_connectome.sh "experiments_exclude_updated.json" "../preprocessed/allen_template_inputs/oh_connectome_rgn_numbers_ccfv3.txt"	INFO:allensdk.api.api.retrieve_file_over_http:Downloading URL: http://api.brain-map.org/grid_data/download_file/146747721?image=injection_density&resolution=100
./rebuild_oh_connectome.sh "experiments_exclude_updated.json" "../preprocessed/allen_template_inputs/oh_connectome_rgn_numbers_ccfv3.txt"	DEBUG:urllib3.connectionpool:Starting new HTTP connection (1): api.brain-map.org:80
./rebuild_oh_connectome.sh "experiments_exclude_updated.json" "../preprocessed/allen_template_inputs/oh_connectome_rgn_numbers_ccfv3.txt"	DEBUG:urllib3.connectionpool:http://api.brain-map.org:80 "GET /grid_data/download_file/146747721?image=injection_density&resolution=100 HTTP/1.1" 200 8084
./rebuild_oh_connectome.sh "experiments_exclude_updated.json" "../preprocessed/allen_template_inputs/oh_connectome_rgn_numbers_ccfv3.txt"	2026-01-23 15:34:06,702 allensdk.api.api.retrieve_file_over_http INFO     Downloading URL: http://api.brain-map.org/grid_data/download_file/146747721?image=injection_fraction&resolution=100
./rebuild_oh_connectome.sh "experiments_exclude_updated.json" "../preprocessed/allen_template_inputs/oh_connectome_rgn_numbers_ccfv3.txt"	INFO:allensdk.api.api.retrieve_file_over_http:Downloading URL: http://api.brain-map.org/grid_data/download_file/146747721?image=injection_fraction&resolution=100
./rebuild_oh_connectome.sh "experiments_exclude_updated.json" "../preprocessed/allen_template_inputs/oh_connectome_rgn_numbers_ccfv3.txt"	DEBUG:urllib3.connectionpool:Starting new HTTP connection (1): api.brain-map.org:80
./rebuild_oh_connectome.sh "experiments_exclude_updated.json" "../preprocessed/allen_template_inputs/oh_connectome_rgn_numbers_ccfv3.txt"	DEBUG:urllib3.connectionpool:http://api.brain-map.org:80 "GET /grid_data/download_file/146747721?image=injection_fraction&resolution=100 HTTP/1.1" 200 8097
./rebuild_oh_connectome.sh "experiments_exclude_updated.json" "../preprocessed/allen_template_inputs/oh_connectome_rgn_numbers_ccfv3.txt"	2026-01-23 15:34:07,063 allensdk.api.api.retrieve_file_over_http INFO     Downloading URL: http://api.brain-map.org/grid_data/download_file/146747721?image=projection_density&resolution=100
./rebuild_oh_connectome.sh "experiments_exclude_updated.json" "../preprocessed/allen_template_inputs/oh_connectome_rgn_numbers_ccfv3.txt"	INFO:allensdk.api.api.retrieve_file_over_http:Downloading URL: http://api.brain-map.org/grid_data/download_file/146747721?image=projection_density&resolution=100
./rebuild_oh_connectome.sh "experiments_exclude_updated.json" "../preprocessed/allen_template_inputs/oh_connectome_rgn_numbers_ccfv3.txt"	DEBUG:urllib3.connectionpool:Starting new HTTP connection (1): api.brain-map.org:80
./rebuild_oh_connectome.sh "experiments_exclude_updated.json" "../preprocessed/allen_template_inputs/oh_connectome_rgn_numbers_ccfv3.txt"	DEBUG:urllib3.connectionpool:http://api.brain-map.org:80 "GET /grid_data/download_file/146747721?image=projection_density&resolution=100 HTTP/1.1" 200 392833
./rebuild_oh_connectome.sh "experiments_exclude_updated.json" "../preprocessed/allen_template_inputs/oh_connectome_rgn_numbers_ccfv3.txt"	2026-01-23 15:34:15,272 allensdk.api.api.retrieve_file_over_http INFO     Downloading URL: http://api.brain-map.org/grid_data/download_file/147632458?image=data_mask&resolution=100
./rebuild_oh_connectome.sh "experiments_exclude_updated.json" "../preprocessed/allen_template_inputs/oh_connectome_rgn_numbers_ccfv3.txt"	INFO:allensdk.api.api.retrieve_file_over_http:Downloading URL: http://api.brain-map.org/grid_data/download_file/147632458?image=data_mask&resolution=100
./rebuild_oh_connectome.sh "experiments_exclude_updated.json" "../preprocessed/allen_template_inputs/oh_connectome_rgn_numbers_ccfv3.txt"	DEBUG:urllib3.connectionpool:Starting new HTTP connection (1): api.brain-map.org:80
./rebuild_oh_connectome.sh "experiments_exclude_updated.json" "../preprocessed/allen_template_inputs/oh_connectome_rgn_numbers_ccfv3.txt"	DEBUG:urllib3.connectionpool:http://api.brain-map.org:80 "GET /grid_data/download_file/147632458?image=data_mask&resolution=100 HTTP/1.1" 200 68360
./rebuild_oh_connectome.sh "experiments_exclude_updated.json" "../preprocessed/allen_template_inputs/oh_connectome_rgn_numbers_ccfv3.txt"	2026-01-23 15:34:16,049 allensdk.api.api.retrieve_file_over_http INFO     Downloading URL: http://api.brain-map.org/grid_data/download_file/147632458?image=injection_density&resolution=100
./rebuild_oh_connectome.sh "experiments_exclude_updated.json" "../preprocessed/allen_template_inputs/oh_connectome_rgn_numbers_ccfv3.txt"	INFO:allensdk.api.api.retrieve_file_over_http:Downloading URL: http://api.brain-map.org/grid_data/download_file/147632458?image=injection_density&resolution=100
./rebuild_oh_connectome.sh "experiments_exclude_updated.json" "../preprocessed/allen_template_inputs/oh_connectome_rgn_numbers_ccfv3.txt"	DEBUG:urllib3.connectionpool:Starting new HTTP connection (1): api.brain-map.org:80
./rebuild_oh_connectome.sh "experiments_exclude_updated.json" "../preprocessed/allen_template_inputs/oh_connectome_rgn_numbers_ccfv3.txt"	DEBUG:urllib3.connectionpool:http://api.brain-map.org:80 "GET /grid_data/download_file/147632458?image=injection_density&resolution=100 HTTP/1.1" 200 7976
./rebuild_oh_connectome.sh "experiments_exclude_updated.json" "../preprocessed/allen_template_inputs/oh_connectome_rgn_numbers_ccfv3.txt"	2026-01-23 15:34:16,255 allensdk.api.api.retrieve_file_over_http INFO     Downloading URL: http://api.brain-map.org/grid_data/download_file/147632458?image=injection_fraction&resolution=100
./rebuild_oh_connectome.sh "experiments_exclude_updated.json" "../preprocessed/allen_template_inputs/oh_connectome_rgn_numbers_ccfv3.txt"	INFO:allensdk.api.api.retrieve_file_over_http:Downloading URL: http://api.brain-map.org/grid_data/download_file/147632458?image=injection_fraction&resolution=100
./rebuild_oh_connectome.sh "experiments_exclude_updated.json" "../preprocessed/allen_template_inputs/oh_connectome_rgn_numbers_ccfv3.txt"	DEBUG:urllib3.connectionpool:Starting new HTTP connection (1): api.brain-map.org:80
./rebuild_oh_connectome.sh "experiments_exclude_updated.json" "../preprocessed/allen_template_inputs/oh_connectome_rgn_numbers_ccfv3.txt"	DEBUG:urllib3.connectionpool:http://api.brain-map.org:80 "GET /grid_data/download_file/147632458?image=injection_fraction&resolution=100 HTTP/1.1" 200 7912
./rebuild_oh_connectome.sh "experiments_exclude_updated.json" "../preprocessed/allen_template_inputs/oh_connectome_rgn_numbers_ccfv3.txt"	2026-01-23 15:34:16,562 allensdk.api.api.retrieve_file_over_http INFO     Downloading URL: http://api.brain-map.org/grid_data/download_file/147632458?image=projection_density&resolution=100
./rebuild_oh_connectome.sh "experiments_exclude_updated.json" "../preprocessed/allen_template_inputs/oh_connectome_rgn_numbers_ccfv3.txt"	INFO:allensdk.api.api.retrieve_file_over_http:Downloading URL: http://api.brain-map.org/grid_data/download_file/147632458?image=projection_density&resolution=100
./rebuild_oh_connectome.sh "experiments_exclude_updated.json" "../preprocessed/allen_template_inputs/oh_connectome_rgn_numbers_ccfv3.txt"	DEBUG:urllib3.connectionpool:Starting new HTTP connection (1): api.brain-map.org:80
./rebuild_oh_connectome.sh "experiments_exclude_updated.json" "../preprocessed/allen_template_inputs/oh_connectome_rgn_numbers_ccfv3.txt"	DEBUG:urllib3.connectionpool:http://api.brain-map.org:80 "GET /grid_data/download_file/147632458?image=projection_density&resolution=100 HTTP/1.1" 200 403107
./rebuild_oh_connectome.sh "experiments_exclude_updated.json" "../preprocessed/allen_template_inputs/oh_connectome_rgn_numbers_ccfv3.txt"	2026-01-23 15:34:25,720 allensdk.api.api.retrieve_file_over_http INFO     Downloading URL: http://api.brain-map.org/grid_data/download_file/127908173?image=data_mask&resolution=100
./rebuild_oh_connectome.sh "experiments_exclude_updated.json" "../preprocessed/allen_template_inputs/oh_connectome_rgn_numbers_ccfv3.txt"	INFO:allensdk.api.api.retrieve_file_over_http:Downloading URL: http://api.brain-map.org/grid_data/download_file/127908173?image=data_mask&resolution=100
./rebuild_oh_connectome.sh "experiments_exclude_updated.json" "../preprocessed/allen_template_inputs/oh_connectome_rgn_numbers_ccfv3.txt"	DEBUG:urllib3.connectionpool:Starting new HTTP connection (1): api.brain-map.org:80
./rebuild_oh_connectome.sh "experiments_exclude_updated.json" "../preprocessed/allen_template_inputs/oh_connectome_rgn_numbers_ccfv3.txt"	DEBUG:urllib3.connectionpool:http://api.brain-map.org:80 "GET /grid_data/download_file/127908173?image=data_mask&resolution=100 HTTP/1.1" 200 51025
./rebuild_oh_connectome.sh "experiments_exclude_updated.json" "../preprocessed/allen_template_inputs/oh_connectome_rgn_numbers_ccfv3.txt"	2026-01-23 15:34:27,066 allensdk.api.api.retrieve_file_over_http INFO     Downloading URL: http://api.brain-map.org/grid_data/download_file/127908173?image=injection_density&resolution=100
./rebuild_oh_connectome.sh "experiments_exclude_updated.json" "../preprocessed/allen_template_inputs/oh_connectome_rgn_numbers_ccfv3.txt"	INFO:allensdk.api.api.retrieve_file_over_http:Downloading URL: http://api.brain-map.org/grid_data/download_file/127908173?image=injection_density&resolution=100
./rebuild_oh_connectome.sh "experiments_exclude_updated.json" "../preprocessed/allen_template_inputs/oh_connectome_rgn_numbers_ccfv3.txt"	DEBUG:urllib3.connectionpool:Starting new HTTP connection (1): api.brain-map.org:80
./rebuild_oh_connectome.sh "experiments_exclude_updated.json" "../preprocessed/allen_template_inputs/oh_connectome_rgn_numbers_ccfv3.txt"	DEBUG:urllib3.connectionpool:http://api.brain-map.org:80 "GET /grid_data/download_file/127908173?image=injection_density&resolution=100 HTTP/1.1" 200 9007
./rebuild_oh_connectome.sh "experiments_exclude_updated.json" "../preprocessed/allen_template_inputs/oh_connectome_rgn_numbers_ccfv3.txt"	2026-01-23 15:34:27,717 allensdk.api.api.retrieve_file_over_http INFO     Downloading URL: http://api.brain-map.org/grid_data/download_file/127908173?image=injection_fraction&resolution=100
./rebuild_oh_connectome.sh "experiments_exclude_updated.json" "../preprocessed/allen_template_inputs/oh_connectome_rgn_numbers_ccfv3.txt"	INFO:allensdk.api.api.retrieve_file_over_http:Downloading URL: http://api.brain-map.org/grid_data/download_file/127908173?image=injection_fraction&resolution=100
./rebuild_oh_connectome.sh "experiments_exclude_updated.json" "../preprocessed/allen_template_inputs/oh_connectome_rgn_numbers_ccfv3.txt"	DEBUG:urllib3.connectionpool:Starting new HTTP connection (1): api.brain-map.org:80
./rebuild_oh_connectome.sh "experiments_exclude_updated.json" "../preprocessed/allen_template_inputs/oh_connectome_rgn_numbers_ccfv3.txt"	DEBUG:urllib3.connectionpool:http://api.brain-map.org:80 "GET /grid_data/download_file/127908173?image=injection_fraction&resolution=100 HTTP/1.1" 200 8889
./rebuild_oh_connectome.sh "experiments_exclude_updated.json" "../preprocessed/allen_template_inputs/oh_connectome_rgn_numbers_ccfv3.txt"	2026-01-23 15:34:28,259 allensdk.api.api.retrieve_file_over_http INFO     Downloading URL: http://api.brain-map.org/grid_data/download_file/127908173?image=projection_density&resolution=100
./rebuild_oh_connectome.sh "experiments_exclude_updated.json" "../preprocessed/allen_template_inputs/oh_connectome_rgn_numbers_ccfv3.txt"	INFO:allensdk.api.api.retrieve_file_over_http:Downloading URL: http://api.brain-map.org/grid_data/download_file/127908173?image=projection_density&resolution=100
./rebuild_oh_connectome.sh "experiments_exclude_updated.json" "../preprocessed/allen_template_inputs/oh_connectome_rgn_numbers_ccfv3.txt"	DEBUG:urllib3.connectionpool:Starting new HTTP connection (1): api.brain-map.org:80
./rebuild_oh_connectome.sh "experiments_exclude_updated.json" "../preprocessed/allen_template_inputs/oh_connectome_rgn_numbers_ccfv3.txt"	DEBUG:urllib3.connectionpool:http://api.brain-map.org:80 "GET /grid_data/download_file/127908173?image=projection_density&resolution=100 HTTP/1.1" 200 552315
./rebuild_oh_connectome.sh "experiments_exclude_updated.json" "../preprocessed/allen_template_inputs/oh_connectome_rgn_numbers_ccfv3.txt"	2026-01-23 15:34:39,215 allensdk.api.api.retrieve_file_over_http INFO     Downloading URL: http://api.brain-map.org/grid_data/download_file/158841171?image=data_mask&resolution=100
./rebuild_oh_connectome.sh "experiments_exclude_updated.json" "../preprocessed/allen_template_inputs/oh_connectome_rgn_numbers_ccfv3.txt"	INFO:allensdk.api.api.retrieve_file_over_http:Downloading URL: http://api.brain-map.org/grid_data/download_file/158841171?image=data_mask&resolution=100
./rebuild_oh_connectome.sh "experiments_exclude_updated.json" "../preprocessed/allen_template_inputs/oh_connectome_rgn_numbers_ccfv3.txt"	DEBUG:urllib3.connectionpool:Starting new HTTP connection (1): api.brain-map.org:80
./rebuild_oh_connectome.sh "experiments_exclude_updated.json" "../preprocessed/allen_template_inputs/oh_connectome_rgn_numbers_ccfv3.txt"	DEBUG:urllib3.connectionpool:http://api.brain-map.org:80 "GET /grid_data/download_file/158841171?image=data_mask&resolution=100 HTTP/1.1" 200 68955
./rebuild_oh_connectome.sh "experiments_exclude_updated.json" "../preprocessed/allen_template_inputs/oh_connectome_rgn_numbers_ccfv3.txt"	2026-01-23 15:34:41,277 allensdk.api.api.retrieve_file_over_http INFO     Downloading URL: http://api.brain-map.org/grid_data/download_file/158841171?image=injection_density&resolution=100
./rebuild_oh_connectome.sh "experiments_exclude_updated.json" "../preprocessed/allen_template_inputs/oh_connectome_rgn_numbers_ccfv3.txt"	INFO:allensdk.api.api.retrieve_file_over_http:Downloading URL: http://api.brain-map.org/grid_data/download_file/158841171?image=injection_density&resolution=100
./rebuild_oh_connectome.sh "experiments_exclude_updated.json" "../preprocessed/allen_template_inputs/oh_connectome_rgn_numbers_ccfv3.txt"	DEBUG:urllib3.connectionpool:Starting new HTTP connection (1): api.brain-map.org:80
./rebuild_oh_connectome.sh "experiments_exclude_updated.json" "../preprocessed/allen_template_inputs/oh_connectome_rgn_numbers_ccfv3.txt"	DEBUG:urllib3.connectionpool:http://api.brain-map.org:80 "GET /grid_data/download_file/158841171?image=injection_density&resolution=100 HTTP/1.1" 200 9192
./rebuild_oh_connectome.sh "experiments_exclude_updated.json" "../preprocessed/allen_template_inputs/oh_connectome_rgn_numbers_ccfv3.txt"	2026-01-23 15:34:41,490 allensdk.api.api.retrieve_file_over_http INFO     Downloading URL: http://api.brain-map.org/grid_data/download_file/158841171?image=injection_fraction&resolution=100
./rebuild_oh_connectome.sh "experiments_exclude_updated.json" "../preprocessed/allen_template_inputs/oh_connectome_rgn_numbers_ccfv3.txt"	INFO:allensdk.api.api.retrieve_file_over_http:Downloading URL: http://api.brain-map.org/grid_data/download_file/158841171?image=injection_fraction&resolution=100
./rebuild_oh_connectome.sh "experiments_exclude_updated.json" "../preprocessed/allen_template_inputs/oh_connectome_rgn_numbers_ccfv3.txt"	DEBUG:urllib3.connectionpool:Starting new HTTP connection (1): api.brain-map.org:80
./rebuild_oh_connectome.sh "experiments_exclude_updated.json" "../preprocessed/allen_template_inputs/oh_connectome_rgn_numbers_ccfv3.txt"	DEBUG:urllib3.connectionpool:http://api.brain-map.org:80 "GET /grid_data/download_file/158841171?image=injection_fraction&resolution=100 HTTP/1.1" 200 8990
./rebuild_oh_connectome.sh "experiments_exclude_updated.json" "../preprocessed/allen_template_inputs/oh_connectome_rgn_numbers_ccfv3.txt"	2026-01-23 15:34:41,804 allensdk.api.api.retrieve_file_over_http INFO     Downloading URL: http://api.brain-map.org/grid_data/download_file/158841171?image=projection_density&resolution=100
./rebuild_oh_connectome.sh "experiments_exclude_updated.json" "../preprocessed/allen_template_inputs/oh_connectome_rgn_numbers_ccfv3.txt"	INFO:allensdk.api.api.retrieve_file_over_http:Downloading URL: http://api.brain-map.org/grid_data/download_file/158841171?image=projection_density&resolution=100
./rebuild_oh_connectome.sh "experiments_exclude_updated.json" "../preprocessed/allen_template_inputs/oh_connectome_rgn_numbers_ccfv3.txt"	DEBUG:urllib3.connectionpool:Starting new HTTP connection (1): api.brain-map.org:80
./rebuild_oh_connectome.sh "experiments_exclude_updated.json" "../preprocessed/allen_template_inputs/oh_connectome_rgn_numbers_ccfv3.txt"	2026-01-23 15:35:12,991 allensdk.api.api.retrieve_file_over_http ERROR    Couldn't retrieve file /data/chamal/projects/natvik/allen_qc_reproducible_01192026/analysis/mouse_connectivity_models/paper/connectivity/experiment_158841171/projection_density_100.nrrd from http://api.brain-map.org/grid_data/download_file/158841171?image=projection_density&resolution=100 (timeout).
./rebuild_oh_connectome.sh "experiments_exclude_updated.json" "../preprocessed/allen_template_inputs/oh_connectome_rgn_numbers_ccfv3.txt"	ERROR:allensdk.api.api.retrieve_file_over_http:Couldn't retrieve file /data/chamal/projects/natvik/allen_qc_reproducible_01192026/analysis/mouse_connectivity_models/paper/connectivity/experiment_158841171/projection_density_100.nrrd from http://api.brain-map.org/grid_data/download_file/158841171?image=projection_density&resolution=100 (timeout).
./rebuild_oh_connectome.sh "experiments_exclude_updated.json" "../preprocessed/allen_template_inputs/oh_connectome_rgn_numbers_ccfv3.txt"	Traceback (most recent call last):
./rebuild_oh_connectome.sh "experiments_exclude_updated.json" "../preprocessed/allen_template_inputs/oh_connectome_rgn_numbers_ccfv3.txt"	  File "/data/chamal/projects/natvik/allen_qc_reproducible_01192026/analysis/.venv/lib/python3.9/site-packages/urllib3/connectionpool.py", line 468, in _make_request
./rebuild_oh_connectome.sh "experiments_exclude_updated.json" "../preprocessed/allen_template_inputs/oh_connectome_rgn_numbers_ccfv3.txt"	    six.raise_from(e, None)
./rebuild_oh_connectome.sh "experiments_exclude_updated.json" "../preprocessed/allen_template_inputs/oh_connectome_rgn_numbers_ccfv3.txt"	  File "<string>", line 3, in raise_from
./rebuild_oh_connectome.sh "experiments_exclude_updated.json" "../preprocessed/allen_template_inputs/oh_connectome_rgn_numbers_ccfv3.txt"	  File "/data/chamal/projects/natvik/allen_qc_reproducible_01192026/analysis/.venv/lib/python3.9/site-packages/urllib3/connectionpool.py", line 463, in _make_request
./rebuild_oh_connectome.sh "experiments_exclude_updated.json" "../preprocessed/allen_template_inputs/oh_connectome_rgn_numbers_ccfv3.txt"	    httplib_response = conn.getresponse()
./rebuild_oh_connectome.sh "experiments_exclude_updated.json" "../preprocessed/allen_template_inputs/oh_connectome_rgn_numbers_ccfv3.txt"	  File "/home/cic/natvik/.local/share/uv/python/cpython-3.9.23-linux-x86_64-gnu/lib/python3.9/http/client.py", line 1377, in getresponse
./rebuild_oh_connectome.sh "experiments_exclude_updated.json" "../preprocessed/allen_template_inputs/oh_connectome_rgn_numbers_ccfv3.txt"	    response.begin()
./rebuild_oh_connectome.sh "experiments_exclude_updated.json" "../preprocessed/allen_template_inputs/oh_connectome_rgn_numbers_ccfv3.txt"	  File "/home/cic/natvik/.local/share/uv/python/cpython-3.9.23-linux-x86_64-gnu/lib/python3.9/http/client.py", line 320, in begin
./rebuild_oh_connectome.sh "experiments_exclude_updated.json" "../preprocessed/allen_template_inputs/oh_connectome_rgn_numbers_ccfv3.txt"	    version, status, reason = self._read_status()
./rebuild_oh_connectome.sh "experiments_exclude_updated.json" "../preprocessed/allen_template_inputs/oh_connectome_rgn_numbers_ccfv3.txt"	  File "/home/cic/natvik/.local/share/uv/python/cpython-3.9.23-linux-x86_64-gnu/lib/python3.9/http/client.py", line 281, in _read_status
./rebuild_oh_connectome.sh "experiments_exclude_updated.json" "../preprocessed/allen_template_inputs/oh_connectome_rgn_numbers_ccfv3.txt"	    line = str(self.fp.readline(_MAXLINE + 1), "iso-8859-1")
./rebuild_oh_connectome.sh "experiments_exclude_updated.json" "../preprocessed/allen_template_inputs/oh_connectome_rgn_numbers_ccfv3.txt"	  File "/home/cic/natvik/.local/share/uv/python/cpython-3.9.23-linux-x86_64-gnu/lib/python3.9/socket.py", line 716, in readinto
./rebuild_oh_connectome.sh "experiments_exclude_updated.json" "../preprocessed/allen_template_inputs/oh_connectome_rgn_numbers_ccfv3.txt"	    return self._sock.recv_into(b)
./rebuild_oh_connectome.sh "experiments_exclude_updated.json" "../preprocessed/allen_template_inputs/oh_connectome_rgn_numbers_ccfv3.txt"	socket.timeout: timed out
./rebuild_oh_connectome.sh "experiments_exclude_updated.json" "../preprocessed/allen_template_inputs/oh_connectome_rgn_numbers_ccfv3.txt"	
./rebuild_oh_connectome.sh "experiments_exclude_updated.json" "../preprocessed/allen_template_inputs/oh_connectome_rgn_numbers_ccfv3.txt"	During handling of the above exception, another exception occurred:
./rebuild_oh_connectome.sh "experiments_exclude_updated.json" "../preprocessed/allen_template_inputs/oh_connectome_rgn_numbers_ccfv3.txt"	
./rebuild_oh_connectome.sh "experiments_exclude_updated.json" "../preprocessed/allen_template_inputs/oh_connectome_rgn_numbers_ccfv3.txt"	Traceback (most recent call last):
./rebuild_oh_connectome.sh "experiments_exclude_updated.json" "../preprocessed/allen_template_inputs/oh_connectome_rgn_numbers_ccfv3.txt"	  File "/data/chamal/projects/natvik/allen_qc_reproducible_01192026/analysis/.venv/lib/python3.9/site-packages/requests/adapters.py", line 667, in send
./rebuild_oh_connectome.sh "experiments_exclude_updated.json" "../preprocessed/allen_template_inputs/oh_connectome_rgn_numbers_ccfv3.txt"	    resp = conn.urlopen(
./rebuild_oh_connectome.sh "experiments_exclude_updated.json" "../preprocessed/allen_template_inputs/oh_connectome_rgn_numbers_ccfv3.txt"	  File "/data/chamal/projects/natvik/allen_qc_reproducible_01192026/analysis/.venv/lib/python3.9/site-packages/urllib3/connectionpool.py", line 802, in urlopen
./rebuild_oh_connectome.sh "experiments_exclude_updated.json" "../preprocessed/allen_template_inputs/oh_connectome_rgn_numbers_ccfv3.txt"	    retries = retries.increment(
./rebuild_oh_connectome.sh "experiments_exclude_updated.json" "../preprocessed/allen_template_inputs/oh_connectome_rgn_numbers_ccfv3.txt"	  File "/data/chamal/projects/natvik/allen_qc_reproducible_01192026/analysis/.venv/lib/python3.9/site-packages/urllib3/util/retry.py", line 552, in increment
./rebuild_oh_connectome.sh "experiments_exclude_updated.json" "../preprocessed/allen_template_inputs/oh_connectome_rgn_numbers_ccfv3.txt"	    raise six.reraise(type(error), error, _stacktrace)
./rebuild_oh_connectome.sh "experiments_exclude_updated.json" "../preprocessed/allen_template_inputs/oh_connectome_rgn_numbers_ccfv3.txt"	  File "/data/chamal/projects/natvik/allen_qc_reproducible_01192026/analysis/.venv/lib/python3.9/site-packages/urllib3/packages/six.py", line 770, in reraise
./rebuild_oh_connectome.sh "experiments_exclude_updated.json" "../preprocessed/allen_template_inputs/oh_connectome_rgn_numbers_ccfv3.txt"	    raise value
./rebuild_oh_connectome.sh "experiments_exclude_updated.json" "../preprocessed/allen_template_inputs/oh_connectome_rgn_numbers_ccfv3.txt"	  File "/data/chamal/projects/natvik/allen_qc_reproducible_01192026/analysis/.venv/lib/python3.9/site-packages/urllib3/connectionpool.py", line 716, in urlopen
./rebuild_oh_connectome.sh "experiments_exclude_updated.json" "../preprocessed/allen_template_inputs/oh_connectome_rgn_numbers_ccfv3.txt"	    httplib_response = self._make_request(
./rebuild_oh_connectome.sh "experiments_exclude_updated.json" "../preprocessed/allen_template_inputs/oh_connectome_rgn_numbers_ccfv3.txt"	  File "/data/chamal/projects/natvik/allen_qc_reproducible_01192026/analysis/.venv/lib/python3.9/site-packages/urllib3/connectionpool.py", line 470, in _make_request
./rebuild_oh_connectome.sh "experiments_exclude_updated.json" "../preprocessed/allen_template_inputs/oh_connectome_rgn_numbers_ccfv3.txt"	    self._raise_timeout(err=e, url=url, timeout_value=read_timeout)
./rebuild_oh_connectome.sh "experiments_exclude_updated.json" "../preprocessed/allen_template_inputs/oh_connectome_rgn_numbers_ccfv3.txt"	  File "/data/chamal/projects/natvik/allen_qc_reproducible_01192026/analysis/.venv/lib/python3.9/site-packages/urllib3/connectionpool.py", line 358, in _raise_timeout
./rebuild_oh_connectome.sh "experiments_exclude_updated.json" "../preprocessed/allen_template_inputs/oh_connectome_rgn_numbers_ccfv3.txt"	    raise ReadTimeoutError(
./rebuild_oh_connectome.sh "experiments_exclude_updated.json" "../preprocessed/allen_template_inputs/oh_connectome_rgn_numbers_ccfv3.txt"	urllib3.exceptions.ReadTimeoutError: HTTPConnectionPool(host='api.brain-map.org', port=80): Read timed out. (read timeout=31.1)
./rebuild_oh_connectome.sh "experiments_exclude_updated.json" "../preprocessed/allen_template_inputs/oh_connectome_rgn_numbers_ccfv3.txt"	
./rebuild_oh_connectome.sh "experiments_exclude_updated.json" "../preprocessed/allen_template_inputs/oh_connectome_rgn_numbers_ccfv3.txt"	During handling of the above exception, another exception occurred:
./rebuild_oh_connectome.sh "experiments_exclude_updated.json" "../preprocessed/allen_template_inputs/oh_connectome_rgn_numbers_ccfv3.txt"	
./rebuild_oh_connectome.sh "experiments_exclude_updated.json" "../preprocessed/allen_template_inputs/oh_connectome_rgn_numbers_ccfv3.txt"	Traceback (most recent call last):
./rebuild_oh_connectome.sh "experiments_exclude_updated.json" "../preprocessed/allen_template_inputs/oh_connectome_rgn_numbers_ccfv3.txt"	  File "/data/chamal/projects/natvik/allen_qc_reproducible_01192026/analysis/build_homogeneous_model_new_excluded.py", line 109, in <module>
./rebuild_oh_connectome.sh "experiments_exclude_updated.json" "../preprocessed/allen_template_inputs/oh_connectome_rgn_numbers_ccfv3.txt"	    main()
./rebuild_oh_connectome.sh "experiments_exclude_updated.json" "../preprocessed/allen_template_inputs/oh_connectome_rgn_numbers_ccfv3.txt"	  File "/data/chamal/projects/natvik/allen_qc_reproducible_01192026/analysis/build_homogeneous_model_new_excluded.py", line 98, in main
./rebuild_oh_connectome.sh "experiments_exclude_updated.json" "../preprocessed/allen_template_inputs/oh_connectome_rgn_numbers_ccfv3.txt"	    model = fit(cache, rgn_list_path, **fit_kwargs)
./rebuild_oh_connectome.sh "experiments_exclude_updated.json" "../preprocessed/allen_template_inputs/oh_connectome_rgn_numbers_ccfv3.txt"	  File "/data/chamal/projects/natvik/allen_qc_reproducible_01192026/analysis/build_homogeneous_model_new_excluded.py", line 38, in fit
./rebuild_oh_connectome.sh "experiments_exclude_updated.json" "../preprocessed/allen_template_inputs/oh_connectome_rgn_numbers_ccfv3.txt"	    ipsi_data = ModelData(cache, ROOT_ID).get_regional_data(rgn_list_path,
./rebuild_oh_connectome.sh "experiments_exclude_updated.json" "../preprocessed/allen_template_inputs/oh_connectome_rgn_numbers_ccfv3.txt"	  File "/data/chamal/projects/natvik/allen_qc_reproducible_01192026/analysis/model_data_updated.py", line 69, in get_regional_data
./rebuild_oh_connectome.sh "experiments_exclude_updated.json" "../preprocessed/allen_template_inputs/oh_connectome_rgn_numbers_ccfv3.txt"	    data.get_experiment_data(experiment_ids)
./rebuild_oh_connectome.sh "experiments_exclude_updated.json" "../preprocessed/allen_template_inputs/oh_connectome_rgn_numbers_ccfv3.txt"	  File "/data/chamal/projects/natvik/allen_qc_reproducible_01192026/analysis/.venv/lib/python3.9/site-packages/mcmodels/core/base.py", line 263, in get_experiment_data
./rebuild_oh_connectome.sh "experiments_exclude_updated.json" "../preprocessed/allen_template_inputs/oh_connectome_rgn_numbers_ccfv3.txt"	    centroids, injections, projections = map(np.array, zip(*arrays))
./rebuild_oh_connectome.sh "experiments_exclude_updated.json" "../preprocessed/allen_template_inputs/oh_connectome_rgn_numbers_ccfv3.txt"	  File "/data/chamal/projects/natvik/allen_qc_reproducible_01192026/analysis/.venv/lib/python3.9/site-packages/mcmodels/core/base.py", line 112, in _experiment_generator
./rebuild_oh_connectome.sh "experiments_exclude_updated.json" "../preprocessed/allen_template_inputs/oh_connectome_rgn_numbers_ccfv3.txt"	    experiment = Experiment.from_cache(
./rebuild_oh_connectome.sh "experiments_exclude_updated.json" "../preprocessed/allen_template_inputs/oh_connectome_rgn_numbers_ccfv3.txt"	  File "/data/chamal/projects/natvik/allen_qc_reproducible_01192026/analysis/.venv/lib/python3.9/site-packages/mcmodels/core/experiment.py", line 161, in from_cache
./rebuild_oh_connectome.sh "experiments_exclude_updated.json" "../preprocessed/allen_template_inputs/oh_connectome_rgn_numbers_ccfv3.txt"	    data_volumes = _pull_grid_data(cache, experiment_id)
./rebuild_oh_connectome.sh "experiments_exclude_updated.json" "../preprocessed/allen_template_inputs/oh_connectome_rgn_numbers_ccfv3.txt"	  File "/data/chamal/projects/natvik/allen_qc_reproducible_01192026/analysis/.venv/lib/python3.9/site-packages/mcmodels/core/experiment.py", line 42, in _pull_grid_data
./rebuild_oh_connectome.sh "experiments_exclude_updated.json" "../preprocessed/allen_template_inputs/oh_connectome_rgn_numbers_ccfv3.txt"	    "projection_density" : cache.get_projection_density(experiment_id)[0]
./rebuild_oh_connectome.sh "experiments_exclude_updated.json" "../preprocessed/allen_template_inputs/oh_connectome_rgn_numbers_ccfv3.txt"	  File "/data/chamal/projects/natvik/allen_qc_reproducible_01192026/analysis/.venv/lib/python3.9/site-packages/allensdk/core/mouse_connectivity_cache.py", line 188, in get_projection_density
./rebuild_oh_connectome.sh "experiments_exclude_updated.json" "../preprocessed/allen_template_inputs/oh_connectome_rgn_numbers_ccfv3.txt"	    self.api.download_projection_density(
./rebuild_oh_connectome.sh "experiments_exclude_updated.json" "../preprocessed/allen_template_inputs/oh_connectome_rgn_numbers_ccfv3.txt"	  File "/data/chamal/projects/natvik/allen_qc_reproducible_01192026/analysis/.venv/lib/python3.9/site-packages/allensdk/api/warehouse_cache/cache.py", line 661, in w
./rebuild_oh_connectome.sh "experiments_exclude_updated.json" "../preprocessed/allen_template_inputs/oh_connectome_rgn_numbers_ccfv3.txt"	    result = Cache.cacher(func,
./rebuild_oh_connectome.sh "experiments_exclude_updated.json" "../preprocessed/allen_template_inputs/oh_connectome_rgn_numbers_ccfv3.txt"	  File "/data/chamal/projects/natvik/allen_qc_reproducible_01192026/analysis/.venv/lib/python3.9/site-packages/allensdk/api/warehouse_cache/cache.py", line 387, in cacher
./rebuild_oh_connectome.sh "experiments_exclude_updated.json" "../preprocessed/allen_template_inputs/oh_connectome_rgn_numbers_ccfv3.txt"	    data = fn(*args, **kwargs)
./rebuild_oh_connectome.sh "experiments_exclude_updated.json" "../preprocessed/allen_template_inputs/oh_connectome_rgn_numbers_ccfv3.txt"	  File "/data/chamal/projects/natvik/allen_qc_reproducible_01192026/analysis/.venv/lib/python3.9/site-packages/allensdk/api/queries/mouse_connectivity_api.py", line 457, in download_projection_density
./rebuild_oh_connectome.sh "experiments_exclude_updated.json" "../preprocessed/allen_template_inputs/oh_connectome_rgn_numbers_ccfv3.txt"	    self.download_projection_grid_data(
./rebuild_oh_connectome.sh "experiments_exclude_updated.json" "../preprocessed/allen_template_inputs/oh_connectome_rgn_numbers_ccfv3.txt"	  File "/data/chamal/projects/natvik/allen_qc_reproducible_01192026/analysis/.venv/lib/python3.9/site-packages/allensdk/api/queries/grid_data_api.py", line 175, in download_projection_grid_data
./rebuild_oh_connectome.sh "experiments_exclude_updated.json" "../preprocessed/allen_template_inputs/oh_connectome_rgn_numbers_ccfv3.txt"	    self.retrieve_file_over_http(url, save_file_path)
./rebuild_oh_connectome.sh "experiments_exclude_updated.json" "../preprocessed/allen_template_inputs/oh_connectome_rgn_numbers_ccfv3.txt"	  File "/data/chamal/projects/natvik/allen_qc_reproducible_01192026/analysis/.venv/lib/python3.9/site-packages/allensdk/api/api.py", line 323, in retrieve_file_over_http
./rebuild_oh_connectome.sh "experiments_exclude_updated.json" "../preprocessed/allen_template_inputs/oh_connectome_rgn_numbers_ccfv3.txt"	    stream_file_over_http(url, file_path)
./rebuild_oh_connectome.sh "experiments_exclude_updated.json" "../preprocessed/allen_template_inputs/oh_connectome_rgn_numbers_ccfv3.txt"	  File "/data/chamal/projects/natvik/allen_qc_reproducible_01192026/analysis/.venv/lib/python3.9/site-packages/allensdk/api/api.py", line 439, in stream_file_over_http
./rebuild_oh_connectome.sh "experiments_exclude_updated.json" "../preprocessed/allen_template_inputs/oh_connectome_rgn_numbers_ccfv3.txt"	    with closing(requests.get(url, stream=True, timeout=timeout)) as response:
./rebuild_oh_connectome.sh "experiments_exclude_updated.json" "../preprocessed/allen_template_inputs/oh_connectome_rgn_numbers_ccfv3.txt"	  File "/data/chamal/projects/natvik/allen_qc_reproducible_01192026/analysis/.venv/lib/python3.9/site-packages/requests/api.py", line 73, in get
./rebuild_oh_connectome.sh "experiments_exclude_updated.json" "../preprocessed/allen_template_inputs/oh_connectome_rgn_numbers_ccfv3.txt"	    return request("get", url, params=params, **kwargs)
./rebuild_oh_connectome.sh "experiments_exclude_updated.json" "../preprocessed/allen_template_inputs/oh_connectome_rgn_numbers_ccfv3.txt"	  File "/data/chamal/projects/natvik/allen_qc_reproducible_01192026/analysis/.venv/lib/python3.9/site-packages/requests/api.py", line 59, in request
./rebuild_oh_connectome.sh "experiments_exclude_updated.json" "../preprocessed/allen_template_inputs/oh_connectome_rgn_numbers_ccfv3.txt"	    return session.request(method=method, url=url, **kwargs)
./rebuild_oh_connectome.sh "experiments_exclude_updated.json" "../preprocessed/allen_template_inputs/oh_connectome_rgn_numbers_ccfv3.txt"	  File "/data/chamal/projects/natvik/allen_qc_reproducible_01192026/analysis/.venv/lib/python3.9/site-packages/requests/sessions.py", line 589, in request
./rebuild_oh_connectome.sh "experiments_exclude_updated.json" "../preprocessed/allen_template_inputs/oh_connectome_rgn_numbers_ccfv3.txt"	    resp = self.send(prep, **send_kwargs)
./rebuild_oh_connectome.sh "experiments_exclude_updated.json" "../preprocessed/allen_template_inputs/oh_connectome_rgn_numbers_ccfv3.txt"	  File "/data/chamal/projects/natvik/allen_qc_reproducible_01192026/analysis/.venv/lib/python3.9/site-packages/requests/sessions.py", line 703, in send
./rebuild_oh_connectome.sh "experiments_exclude_updated.json" "../preprocessed/allen_template_inputs/oh_connectome_rgn_numbers_ccfv3.txt"	    r = adapter.send(request, **kwargs)
./rebuild_oh_connectome.sh "experiments_exclude_updated.json" "../preprocessed/allen_template_inputs/oh_connectome_rgn_numbers_ccfv3.txt"	  File "/data/chamal/projects/natvik/allen_qc_reproducible_01192026/analysis/.venv/lib/python3.9/site-packages/requests/adapters.py", line 713, in send
./rebuild_oh_connectome.sh "experiments_exclude_updated.json" "../preprocessed/allen_template_inputs/oh_connectome_rgn_numbers_ccfv3.txt"	    raise ReadTimeout(e, request=request)
./rebuild_oh_connectome.sh "experiments_exclude_updated.json" "../preprocessed/allen_template_inputs/oh_connectome_rgn_numbers_ccfv3.txt"	requests.exceptions.ReadTimeout: HTTPConnectionPool(host='api.brain-map.org', port=80): Read timed out. (read timeout=31.1)
